estacao,timestamp,producao,paragem,stock,defeitos
1,2025-10-18T17:00:27.391Z,48.36298794847494,28.570569399017746,48.42381541473125,2.7886541157077143
1,2025-10-18T17:00:32.397Z,48.36298794847494,28.570569399017746,48.42381541473125,2.7886541157077143
estacao,timestamp,producao,paragem,stock,defeitos
1,2025-10-18T17:00:37.392Z,48.36298794847494,28.570569399017746,48.42381541473125,3.569247288988996
1,2025-10-18T17:00:42.393Z,48.36298794847494,28.570569399017746,48.42381541473125,2.922224965350726
1,2025-10-18T17:00:47.394Z,48.36298794847494,28.570569399017746,48.42381541473125,2.922224965350726
1,2025-10-18T17:00:52.399Z,48.36298794847494,28.570569399017746,48.42381541473125,2.922224965350726
1,2025-10-18T17:00:57.396Z,48.36298794847494,28.570569399017746,42.092908480503866,1.9521250908368084
1,2025-10-18T17:01:02.398Z,50.071643907201874,28.570569399017746,42.092908480503866,2.65265566467996
1,2025-10-18T17:01:07.398Z,50.071643907201874,28.570569399017746,42.092908480503866,2.65265566467996
1,2025-10-18T17:01:12.400Z,50.071643907201874,28.570569399017746,42.092908480503866,3.6276388448798618
1,2025-10-18T17:01:17.399Z,50.071643907201874,28.570569399017746,42.092908480503866,3.4462013844538024
1,2025-10-18T17:01:22.400Z,50.071643907201874,28.570569399017746,42.092908480503866,3.784770212805048
1,2025-10-18T17:01:27.401Z,50.071643907201874,28.570569399017746,40.97944119753502,3.784770212805048
1,2025-10-18T17:01:32.407Z,50.071643907201874,28.570569399017746,40.97944119753502,3.784770212805048
1,2025-10-18T17:01:37.408Z,48.79484341452265,28.570569399017746,40.97944119753502,3.784770212805048
1,2025-10-18T17:01:42.406Z,48.79484341452265,28.570569399017746,40.97944119753502,3.784770212805048
1,2025-10-18T17:01:47.410Z,49.309760951075845,28.570569399017746,47.6788463755642,3.784770212805048
1,2025-10-18T17:01:52.413Z,49.309760951075845,28.570569399017746,47.6788463755642,3.784770212805048
estacao,timestamp,producao,paragem,stock,defeitos
1,2025-10-18T17:01:57.416Z,48.83913155080184,28.570569399017746,47.6788463755642,3.784770212805048
1,2025-10-18T17:02:02.416Z,48.83913155080184,28.570569399017746,47.6788463755642,3.784770212805048
1,2025-10-18T17:02:07.413Z,48.83913155080184,28.570569399017746,47.6788463755642,3.784770212805048
1,2025-10-18T17:02:12.416Z,48.83913155080184,28.570569399017746,47.6788463755642,3.784770212805048
1,2025-10-18T17:02:17.415Z,48.83913155080184,28.570569399017746,54.08481627792775,3.784770212805048
1,2025-10-18T17:02:22.416Z,48.83913155080184,28.570569399017746,54.08481627792775,3.784770212805048
1,2025-10-18T17:02:27.417Z,48.83913155080184,30,54.08481627792775,3.784770212805048
1,2025-10-18T17:02:32.422Z,48.83913155080184,30,54.08481627792775,3.784770212805048
1,2025-10-18T17:02:37.422Z,48.83913155080184,30,54.08481627792775,3.784770212805048
1,2025-10-18T17:02:42.422Z,48.83913155080184,30,54.08481627792775,3.784770212805048
1,2025-10-18T17:02:47.427Z,48.83913155080184,30,50.88208993747601,3.784770212805048
1,2025-10-18T17:02:52.430Z,48.83913155080184,30,50.88208993747601,3.784770212805048
1,2025-10-18T17:02:57.426Z,48.83913155080184,30,50.88208993747601,3.784770212805048
1,2025-10-18T17:03:02.427Z,48.83913155080184,28.753039120490328,50.88208993747601,3.3888977364421238
1,2025-10-18T17:03:07.428Z,48.83913155080184,28.753039120490328,50.88208993747601,3.3888977364421238
1,2025-10-18T17:03:12.428Z,48.83913155080184,28.753039120490328,50.88208993747601,3.3888977364421238
1,2025-10-18T17:03:17.429Z,48.83913155080184,28.753039120490328,48.863863191819675,3.3888977364421238
1,2025-10-18T17:03:22.433Z,48.83913155080184,28.753039120490328,48.863863191819675,3.3888977364421238
1,2025-10-18T17:03:27.431Z,48.83913155080184,28.831110141063768,48.863863191819675,3.3888977364421238
1,2025-10-18T17:03:32.432Z,48.83913155080184,28.831110141063768,48.863863191819675,3.3888977364421238
1,2025-10-18T17:03:37.437Z,51.32210953212583,30,48.863863191819675,2.5138815680540985
estacao,timestamp,producao,paragem,stock,defeitos
1,2025-10-18T17:03:42.435Z,51.32210953212583,30,48.863863191819675,2.5138815680540985
1,2025-10-18T17:03:47.440Z,53.44776920084094,30,48.863863191819675,2.5138815680540985
1,2025-10-18T17:03:52.443Z,57.331671692631446,30,48.863863191819675,2.3919430664122507
1,2025-10-18T17:03:57.445Z,60.331501092574285,30,46.90659142461271,2.3919430664122507
1,2025-10-18T17:04:02.441Z,60.331501092574285,30,45.36696652466331,2.3919430664122507
1,2025-10-18T17:04:07.447Z,60.331501092574285,26.800933790669024,40.19409041021877,2.566110222778291
1,2025-10-18T17:04:12.445Z,60.331501092574285,26.800933790669024,40.19409041021877,2.566110222778291
1,2025-10-18T17:04:17.451Z,60.331501092574285,26.800933790669024,40.19409041021877,2.566110222778291
1,2025-10-18T17:04:22.448Z,60.331501092574285,26.800933790669024,41.338509352282365,2.6764196798137294
1,2025-10-18T17:04:27.448Z,56.939556009531344,26.800933790669024,41.338509352282365,2.6764196798137294
1,2025-10-18T17:04:32.450Z,56.939556009531344,26.800933790669024,38.23689462366585,2.6764196798137294
1,2025-10-18T17:04:37.455Z,56.939556009531344,26.800933790669024,42.946928084630684,2.6764196798137294
1,2025-10-18T17:04:42.453Z,56.939556009531344,26.800933790669024,39.04542047472002,3.586358422060235
1,2025-10-18T17:04:47.457Z,56.939556009531344,26.800933790669024,35.80455576032715,3.586358422060235
1,2025-10-18T17:04:52.459Z,58.51529573014818,24.847327451909464,35.80455576032715,3.586358422060235
1,2025-10-18T17:04:57.457Z,58.51529573014818,24.847327451909464,35.80455576032715,4.009377966960489
1,2025-10-18T17:05:02.457Z,55.63672328292317,24.847327451909464,35.80455576032715,4.009377966960489
estacao,timestamp,producao,paragem,stock,defeitos
1,2025-10-18T17:05:07.462Z,55.63672328292317,24.847327451909464,35.80455576032715,4.009377966960489
1,2025-10-18T17:05:12.464Z,55.63672328292317,21.88073297039337,35.80455576032715,4.534210001602219
1,2025-10-18T17:05:17.461Z,55.63672328292317,21.88073297039337,35.80455576032715,4.534210001602219
1,2025-10-18T17:05:22.465Z,55.63672328292317,21.88073297039337,35.80455576032715,4.534210001602219
1,2025-10-18T17:05:27.464Z,55.63672328292317,21.88073297039337,35.80455576032715,4.534210001602219
1,2025-10-18T17:05:32.464Z,52.24577567609513,21.88073297039337,35.80455576032715,4.534210001602219
estacao,timestamp,producao,paragem,stock,defeitos
1,2025-10-18T17:05:37.467Z,51.448379847950406,21.88073297039337,35.80455576032715,4.534210001602219
1,2025-10-18T17:05:42.466Z,51.448379847950406,21.88073297039337,35.80455576032715,4.534210001602219
1,2025-10-18T17:05:47.470Z,51.448379847950406,21.88073297039337,34.70689841109995,4.534210001602219
1,2025-10-18T17:05:52.467Z,51.448379847950406,21.88073297039337,26.95594189630016,4.534210001602219
1,2025-10-18T17:05:57.472Z,48.134621591138455,21.88073297039337,26.95594189630016,4.534210001602219
1,2025-10-18T17:06:02.470Z,50.021287711906375,21.88073297039337,26.95594189630016,4.534210001602219
1,2025-10-18T17:06:07.473Z,50.021287711906375,21.88073297039337,26.95594189630016,4.534210001602219
1,2025-10-18T17:06:12.475Z,50.021287711906375,21.88073297039337,26.95594189630016,5
1,2025-10-18T17:06:17.476Z,50.021287711906375,21.88073297039337,26.95594189630016,5
1,2025-10-18T17:06:22.478Z,50.021287711906375,21.88073297039337,20,5
1,2025-10-18T17:06:27.478Z,50.021287711906375,21.88073297039337,20,5
1,2025-10-18T17:06:32.477Z,50.021287711906375,20.45032163390276,20,5
1,2025-10-18T17:06:37.478Z,46.02455912172072,20.45032163390276,20,5
1,2025-10-18T17:06:42.481Z,46.02455912172072,20.45032163390276,20,5
1,2025-10-18T17:06:47.483Z,46.02455912172072,20.45032163390276,20,5
1,2025-10-18T17:06:52.483Z,46.02455912172072,20.45032163390276,20,5
1,2025-10-18T17:06:57.482Z,46.02455912172072,20.45032163390276,20,5
1,2025-10-18T17:07:02.482Z,50.45536822668964,20.45032163390276,20,5
1,2025-10-18T17:07:07.485Z,50.45536822668964,20.45032163390276,20,5
1,2025-10-18T17:07:12.487Z,52.23259829515527,20.45032163390276,20,5
1,2025-10-18T17:07:17.488Z,52.23259829515527,20.45032163390276,20,5
1,2025-10-18T17:07:22.486Z,54.99386478910257,20.45032163390276,20,5
1,2025-10-18T17:07:27.486Z,54.99386478910257,20.45032163390276,20,4.734546352259454
1,2025-10-18T17:07:32.491Z,54.99386478910257,20.45032163390276,20,4.734546352259454
1,2025-10-18T17:07:37.488Z,54.99386478910257,20.45032163390276,20,4.734546352259454
1,2025-10-18T17:07:42.489Z,53.67900042444746,20.45032163390276,20,4.734546352259454
1,2025-10-18T17:07:47.489Z,53.67900042444746,20.45032163390276,20,4.734546352259454
1,2025-10-18T17:07:52.494Z,53.67900042444746,20.45032163390276,20,4.734546352259454
1,2025-10-18T17:07:57.495Z,53.67900042444746,19.035522721879982,20,4.734546352259454
1,2025-10-18T17:08:02.494Z,53.67900042444746,19.035522721879982,20,4.579411449960956
1,2025-10-18T17:08:07.495Z,53.67900042444746,19.035522721879982,20,4.579411449960956
1,2025-10-18T17:08:12.495Z,57.04456386715457,19.035522721879982,20,4.579411449960956
1,2025-10-18T17:08:17.499Z,56.544412329925116,19.035522721879982,20,4.579411449960956
1,2025-10-18T17:08:22.497Z,55.840639740915826,19.035522721879982,20,3.8851705159311907
1,2025-10-18T17:08:27.497Z,55.840639740915826,19.035522721879982,20,3.8851705159311907
1,2025-10-18T17:08:32.499Z,53.5107697838329,21.81562313096245,20,3.8851705159311907
1,2025-10-18T17:08:37.499Z,53.5107697838329,21.81562313096245,20,3.8851705159311907
1,2025-10-18T17:08:42.503Z,53.5107697838329,22.314066812267804,28.71572195367089,3.8851705159311907
1,2025-10-18T17:08:47.501Z,53.5107697838329,22.314066812267804,23.00890127386833,3.8851705159311907
1,2025-10-18T17:08:52.502Z,53.5107697838329,22.314066812267804,23.00890127386833,3.9768781043309165
1,2025-10-18T17:08:57.503Z,53.5107697838329,22.314066812267804,23.00890127386833,3.9768781043309165
1,2025-10-18T17:09:02.504Z,58.43399368973927,22.314066812267804,23.00890127386833,3.9768781043309165
1,2025-10-18T17:09:07.508Z,58.43399368973927,22.314066812267804,20,3.9768781043309165
1,2025-10-18T17:09:12.506Z,58.43399368973927,22.314066812267804,20,3.8924173368737836
1,2025-10-18T17:09:17.511Z,58.43399368973927,20.985971208659652,20,3.8924173368737836
1,2025-10-18T17:09:22.511Z,58.43399368973927,22.24560316334349,20.39105915081293,4.805409370379838
1,2025-10-18T17:09:27.510Z,58.43399368973927,22.24560316334349,20.39105915081293,4.805409370379838
1,2025-10-18T17:09:32.513Z,58.43399368973927,23.16944457518259,24.134327709059807,4.805409370379838
1,2025-10-18T17:09:37.512Z,53.523815564847226,18.242517012578755,31.997213167209445,4.805409370379838
1,2025-10-18T17:09:42.513Z,53.523815564847226,18.242517012578755,31.997213167209445,4.805409370379838
1,2025-10-18T17:09:47.512Z,53.523815564847226,18.242517012578755,31.997213167209445,4.805409370379838
1,2025-10-18T17:09:52.514Z,54.265133004769794,18.242517012578755,31.997213167209445,4.156809660084043
1,2025-10-18T17:09:57.513Z,57.67953870822708,16.221438076974014,31.997213167209445,4.156809660084043
1,2025-10-18T17:10:02.515Z,57.67953870822708,16.221438076974014,31.997213167209445,4.156809660084043
1,2025-10-18T17:10:07.516Z,57.67953870822708,16.221438076974014,36.69021236117582,4.156809660084043
1,2025-10-18T17:10:12.517Z,57.67953870822708,16.221438076974014,31.649219653580047,3.263125034426975
1,2025-10-18T17:10:17.517Z,57.67953870822708,16.221438076974014,31.649219653580047,3.263125034426975
1,2025-10-18T17:10:22.518Z,57.67953870822708,16.221438076974014,34.55899557653293,3.263125034426975
1,2025-10-18T17:10:27.520Z,57.67953870822708,16.221438076974014,30.92049303536706,3.263125034426975
1,2025-10-18T17:10:32.521Z,57.67953870822708,16.221438076974014,30.92049303536706,3.263125034426975
1,2025-10-18T17:10:37.523Z,60.36857378646466,16.221438076974014,30.92049303536706,3.263125034426975
1,2025-10-18T17:10:42.523Z,58.28056920266526,16.221438076974014,27.112801747115597,3.263125034426975
1,2025-10-18T17:10:47.523Z,58.28056920266526,16.221438076974014,21.49213893427377,3.464887778578757
1,2025-10-18T17:10:52.524Z,58.28056920266526,16.221438076974014,21.49213893427377,3.464887778578757
1,2025-10-18T17:10:57.525Z,58.28056920266526,16.221438076974014,21.49213893427377,3.464887778578757
1,2025-10-18T17:11:02.525Z,58.28056920266526,16.221438076974014,21.49213893427377,3.464887778578757
1,2025-10-18T17:11:07.525Z,58.28056920266526,16.221438076974014,21.49213893427377,3.464887778578757
1,2025-10-18T17:11:12.526Z,58.28056920266526,16.221438076974014,21.49213893427377,3.464887778578757
1,2025-10-18T17:11:17.530Z,58.28056920266526,16.221438076974014,21.49213893427377,3.464887778578757
1,2025-10-18T17:11:22.527Z,58.28056920266526,16.221438076974014,21.49213893427377,3.464887778578757
1,2025-10-18T17:11:27.528Z,58.28056920266526,16.221438076974014,20,2.58448862105185
1,2025-10-18T17:11:32.531Z,58.28056920266526,16.221438076974014,20,2.58448862105185
1,2025-10-18T17:11:37.529Z,58.28056920266526,16.221438076974014,20,2.58448862105185
1,2025-10-18T17:11:42.530Z,58.28056920266526,16.221438076974014,20,2.58448862105185
1,2025-10-18T17:11:47.530Z,60.74575570645062,16.221438076974014,20,2.58448862105185
1,2025-10-18T17:11:52.534Z,60.74575570645062,16.221438076974014,20,2.58448862105185
1,2025-10-18T17:11:57.533Z,57.64650941354283,16.221438076974014,20,2.58448862105185
1,2025-10-18T17:12:02.535Z,56.00857506315273,16.221438076974014,20,2.58448862105185
1,2025-10-18T17:12:07.534Z,58.20357937395674,16.221438076974014,20,2.58448862105185
1,2025-10-18T17:12:12.535Z,58.20357937395674,16.221438076974014,20,2.651099039180206
1,2025-10-18T17:12:17.535Z,58.20357937395674,16.221438076974014,24.1726806772965,2.651099039180206
1,2025-10-18T17:12:22.536Z,58.20357937395674,16.221438076974014,24.1726806772965,2.651099039180206
1,2025-10-18T17:12:27.539Z,58.20357937395674,16.221438076974014,21.373654211580188,3.2650887584909576
1,2025-10-18T17:12:32.539Z,58.20357937395674,16.221438076974014,21.373654211580188,3.2650887584909576
1,2025-10-18T17:12:37.540Z,58.20357937395674,16.221438076974014,21.373654211580188,3.2650887584909576
1,2025-10-18T17:12:42.539Z,55.18472556767097,16.221438076974014,20,3.2650887584909576
1,2025-10-18T17:12:47.540Z,55.18472556767097,16.221438076974014,27.802070660754662,3.2650887584909576
1,2025-10-18T17:12:52.543Z,55.18472556767097,14.943747563711733,27.802070660754662,3.2650887584909576
1,2025-10-18T17:12:57.543Z,55.12312367603484,14.943747563711733,27.802070660754662,3.2650887584909576
1,2025-10-18T17:13:02.543Z,55.12312367603484,14.943747563711733,27.802070660754662,3.3311825641805903
1,2025-10-18T17:13:07.543Z,55.12312367603484,14.943747563711733,27.802070660754662,4.320898568205871
1,2025-10-18T17:13:12.546Z,55.12312367603484,14.943747563711733,27.802070660754662,4.320898568205871
1,2025-10-18T17:13:17.547Z,55.12312367603484,14.943747563711733,27.802070660754662,4.320898568205871
1,2025-10-18T17:13:22.548Z,55.12312367603484,14.943747563711733,27.802070660754662,4.620688114239676
1,2025-10-18T17:13:27.546Z,56.78819241005701,14.943747563711733,27.802070660754662,4.620688114239676
estacao,timestamp,producao,paragem,stock,defeitos
1,2025-10-18T17:13:32.548Z,56.78819241005701,14.943747563711733,27.802070660754662,4.620688114239676
1,2025-10-18T17:13:37.550Z,59.05053713968773,14.943747563711733,27.802070660754662,4.620688114239676
1,2025-10-18T17:13:42.549Z,62.43680443620422,14.943747563711733,27.802070660754662,4.620688114239676
1,2025-10-18T17:13:47.551Z,63.404935626375746,14.943747563711733,27.802070660754662,4.620688114239676
1,2025-10-18T17:13:52.553Z,65.87738866696338,14.943747563711733,27.802070660754662,4.715722707818807
1,2025-10-18T17:13:57.553Z,65.87738866696338,14.943747563711733,27.802070660754662,4.744843571980165
1,2025-10-18T17:14:02.552Z,67.08001698395664,14.943747563711733,20.08014036615617,4.744843571980165
1,2025-10-18T17:14:07.559Z,63.4532876252912,14.943747563711733,20,4.744843571980165
1,2025-10-18T17:14:12.556Z,67.22312062960691,14.943747563711733,20,4.744843571980165
1,2025-10-18T17:14:17.559Z,67.22312062960691,14.943747563711733,20,4.744843571980165
1,2025-10-18T17:14:22.561Z,67.22312062960691,14.943747563711733,20,4.744843571980165
1,2025-10-18T17:14:27.559Z,63.222280952445566,14.943747563711733,20,4.744843571980165
1,2025-10-18T17:14:32.560Z,63.222280952445566,14.943747563711733,20,4.744843571980165
estacao,timestamp,producao,paragem,stock,defeitos
1,2025-10-18T17:14:37.560Z,63.222280952445566,14.943747563711733,20,4.744843571980165
1,2025-10-18T17:14:42.561Z,63.222280952445566,14.943747563711733,20,4.744843571980165
1,2025-10-18T17:14:47.564Z,67.132191758409,14.943747563711733,21.81299027415465,4.744843571980165
1,2025-10-18T17:14:52.562Z,67.132191758409,14.943747563711733,22.460962446385043,4.744843571980165
1,2025-10-18T17:14:57.564Z,67.47268571913278,14.943747563711733,22.460962446385043,4.744843571980165
1,2025-10-18T17:15:02.568Z,67.47268571913278,14.943747563711733,22.460962446385043,4.744843571980165
1,2025-10-18T17:15:07.565Z,72.34152451655389,14.943747563711733,22.460962446385043,4.744843571980165
1,2025-10-18T17:15:12.566Z,72.34152451655389,14.943747563711733,22.460962446385043,4.744843571980165
1,2025-10-18T17:15:17.567Z,72.34152451655389,14.943747563711733,30.333208093926608,4.744843571980165
1,2025-10-18T17:15:22.569Z,72.94955989718669,14.943747563711733,30.333208093926608,4.744843571980165
1,2025-10-18T17:15:27.571Z,72.94955989718669,14.943747563711733,30.333208093926608,4.744843571980165
1,2025-10-18T17:15:32.570Z,72.94955989718669,14.943747563711733,22.146672275461718,4.744843571980165
1,2025-10-18T17:15:37.571Z,72.94955989718669,14.943747563711733,22.146672275461718,4.744843571980165
1,2025-10-18T17:15:42.575Z,73.70165576427407,14.943747563711733,22.146672275461718,4.744843571980165
1,2025-10-18T17:15:47.576Z,76.20638854389134,14.943747563711733,22.146672275461718,4.744843571980165
1,2025-10-18T17:15:52.574Z,76.20638854389134,10.884845758811998,22.146672275461718,4.744843571980165
1,2025-10-18T17:15:57.575Z,76.52319791148825,10.884845758811998,22.146672275461718,4.744843571980165
1,2025-10-18T17:16:02.575Z,76.52319791148825,10.884845758811998,22.146672275461718,4.744843571980165
1,2025-10-18T17:16:07.580Z,76.52319791148825,10.884845758811998,22.146672275461718,4.744843571980165
1,2025-10-18T17:16:12.582Z,76.52319791148825,10.884845758811998,22.146672275461718,4.363387482047062
1,2025-10-18T17:16:17.583Z,76.52319791148825,10.884845758811998,20,4.363387482047062
1,2025-10-18T17:16:22.581Z,80,10.884845758811998,20,4.363387482047062
1,2025-10-18T17:16:27.585Z,80,10.884845758811998,20,4.363387482047062
1,2025-10-18T17:16:32.583Z,80,10.884845758811998,20,4.363387482047062
1,2025-10-18T17:16:37.586Z,79.08027464274232,10.884845758811998,20,4.363387482047062
1,2025-10-18T17:16:42.588Z,79.08027464274232,10.884845758811998,20,4.363387482047062
1,2025-10-18T17:16:47.590Z,79.08027464274232,10.884845758811998,20,4.363387482047062
1,2025-10-18T17:16:52.591Z,79.08027464274232,10.884845758811998,20,4.363387482047062
1,2025-10-18T17:16:57.592Z,79.08027464274232,10.884845758811998,20,4.363387482047062
1,2025-10-18T17:17:02.593Z,80,10.884845758811998,20,4.822219731699689
1,2025-10-18T17:17:07.596Z,78.8236231460382,10.884845758811998,20,4.822219731699689
1,2025-10-18T17:17:12.597Z,76.09270050907053,10.884845758811998,20,4.822219731699689
1,2025-10-18T17:17:17.598Z,76.09270050907053,10.884845758811998,23.52798598802922,4.822219731699689
1,2025-10-18T17:17:22.599Z,72.89012866695538,10.884845758811998,20,4.822219731699689
estacao,timestamp,producao,paragem,stock,defeitos
1,2025-10-18T17:17:27.595Z,71.70574446804387,10.884845758811998,20,4.822219731699689
1,2025-10-18T17:17:32.600Z,71.70574446804387,9.455059655351125,20,4.822219731699689
1,2025-10-18T17:17:37.600Z,71.70574446804387,9.455059655351125,20,4.822219731699689
1,2025-10-18T17:17:42.599Z,71.70574446804387,9.455059655351125,20,4.822219731699689
estacao,timestamp,producao,paragem,stock,defeitos
1,2025-10-18T17:17:47.599Z,71.96961343846718,9.455059655351125,20,4.822219731699689
1,2025-10-18T17:17:52.600Z,71.96961343846718,9.455059655351125,20,4.21325068702497
1,2025-10-18T17:17:57.601Z,68.348814721243,9.455059655351125,20,4.21325068702497
1,2025-10-18T17:18:02.603Z,68.348814721243,7.829681420837362,20,4.21325068702497
1,2025-10-18T17:18:07.602Z,66.80265845657283,7.829681420837362,20,4.21325068702497
1,2025-10-18T17:18:12.606Z,66.80265845657283,7.829681420837362,20,4.21325068702497
1,2025-10-18T17:18:17.604Z,66.80265845657283,7.829681420837362,20,4.21325068702497
1,2025-10-18T17:18:22.609Z,66.80265845657283,7.829681420837362,20,4.21325068702497
1,2025-10-18T17:18:27.611Z,66.80265845657283,7.829681420837362,20,4.21325068702497
1,2025-10-18T17:18:32.607Z,66.80265845657283,7.829681420837362,20,4.21325068702497
1,2025-10-18T17:18:37.608Z,66.80265845657283,7.829681420837362,20,4.21325068702497
1,2025-10-18T17:18:42.614Z,66.80265845657283,7.829681420837362,20,4.21325068702497
1,2025-10-18T17:18:47.615Z,66.80265845657283,7.829681420837362,20,4.21325068702497
1,2025-10-18T17:18:52.611Z,65.17236222930255,7.829681420837362,20.462765316514357,3.2242652925866677
1,2025-10-18T17:18:57.612Z,65.17236222930255,3.674213611684001,20.462765316514357,3.2242652925866677
1,2025-10-18T17:19:02.617Z,65.17236222930255,3.674213611684001,20,3.2242652925866677
1,2025-10-18T17:19:07.620Z,65.08123617419604,3.674213611684001,25.732847221472866,3.2242652925866677
1,2025-10-18T17:19:12.614Z,65.08123617419604,3.674213611684001,25.732847221472866,3.2242652925866677
1,2025-10-18T17:19:17.616Z,65.08123617419604,3.674213611684001,20.185886409290617,3.2242652925866677
1,2025-10-18T17:19:22.616Z,65.08123617419604,3.674213611684001,20,3.2242652925866677
1,2025-10-18T17:19:27.617Z,65.08123617419604,3.674213611684001,20,3.2242652925866677
1,2025-10-18T17:19:32.618Z,65.08123617419604,3.674213611684001,20,2.6027126859184975
1,2025-10-18T17:19:37.618Z,65.08123617419604,3.674213611684001,20,1.749428954963965
1,2025-10-18T17:19:42.618Z,65.08123617419604,3.674213611684001,20,2.016951677864055
1,2025-10-18T17:19:47.619Z,65.08123617419604,3.674213611684001,20,2.016951677864055
1,2025-10-18T17:19:52.620Z,65.08123617419604,3.674213611684001,20,2.016951677864055
1,2025-10-18T17:19:57.623Z,69.3830769929926,3.674213611684001,20,2.016951677864055
1,2025-10-18T17:20:02.622Z,69.3830769929926,3.674213611684001,20,2.998899834436658
1,2025-10-18T17:20:07.624Z,67.81345840367752,3.674213611684001,20,2.9860874152947177
1,2025-10-18T17:20:12.624Z,67.81345840367752,3.674213611684001,20,2.9860874152947177
1,2025-10-18T17:20:17.625Z,64.53727782050804,3.674213611684001,20,2.7363804128972924
1,2025-10-18T17:20:22.626Z,64.53727782050804,3.674213611684001,20,2.7363804128972924
1,2025-10-18T17:20:27.626Z,62.923038609911714,3.674213611684001,20,2.761814532121339
1,2025-10-18T17:20:32.631Z,62.923038609911714,3.674213611684001,20,2.761814532121339
1,2025-10-18T17:20:37.629Z,62.923038609911714,3.674213611684001,20,2.761814532121339
1,2025-10-18T17:20:42.630Z,63.41536107213455,3.674213611684001,20,2.761814532121339
1,2025-10-18T17:20:47.634Z,63.41536107213455,3.674213611684001,20,2.651045695843517
1,2025-10-18T17:20:52.635Z,64.39721767489112,3.674213611684001,20,2.651045695843517
1,2025-10-18T17:20:57.637Z,64.39721767489112,3.674213611684001,20,2.651045695843517
1,2025-10-18T17:21:02.634Z,64.36065000296993,3.674213611684001,20,2.651045695843517
1,2025-10-18T17:21:07.634Z,64.36065000296993,3.674213611684001,20,2.651045695843517
1,2025-10-18T17:21:12.635Z,64.36065000296993,3.674213611684001,20,2.7171347231165908
1,2025-10-18T17:21:17.636Z,64.36065000296993,3.674213611684001,20,2.7171347231165908
1,2025-10-18T17:21:22.636Z,64.36065000296993,3.674213611684001,20,2.7171347231165908
1,2025-10-18T17:21:27.637Z,64.36065000296993,3.674213611684001,20,2.7171347231165908
1,2025-10-18T17:21:32.639Z,64.36065000296993,3.674213611684001,20,2.7171347231165908
1,2025-10-18T17:21:37.638Z,64.36065000296993,3.674213611684001,20,2.7171347231165908
1,2025-10-18T17:21:42.643Z,64.36065000296993,3.674213611684001,26.7363638229071,2.7171347231165908
1,2025-10-18T17:21:47.641Z,64.36065000296993,4.0065616615285755,26.7363638229071,3.6235306526379563
1,2025-10-18T17:21:52.646Z,64.36065000296993,4.0065616615285755,26.7363638229071,3.8640501332689343
1,2025-10-18T17:21:57.644Z,67.82440257686932,4.0065616615285755,20,3.8640501332689343
1,2025-10-18T17:22:55.099Z,67.82440257686932,4.0065616615285755,20,3.8640501332689343
1,2025-10-18T17:23:00.096Z,67.82440257686932,3.9051154788459757,20,3.8640501332689343
1,2025-10-18T17:23:05.097Z,67.82440257686932,3.9051154788459757,20,3.8640501332689343
1,2025-10-18T17:23:10.098Z,67.82440257686932,3.9051154788459757,20,3.8640501332689343
1,2025-10-18T17:23:15.098Z,68.67103726192022,3.9051154788459757,20,4.33376227740113
1,2025-10-18T17:23:20.099Z,68.67103726192022,3.9051154788459757,20,4.33376227740113
1,2025-10-18T17:23:25.100Z,67.0777388403996,3.9051154788459757,20,4.33376227740113
1,2025-10-18T17:23:30.102Z,67.0777388403996,3.9051154788459757,20,4.33376227740113
1,2025-10-18T17:23:35.103Z,66.51371358675156,3.9051154788459757,20,4.33376227740113
1,2025-10-18T17:23:40.104Z,66.51371358675156,3.9051154788459757,20,4.33376227740113
1,2025-10-18T17:23:45.105Z,66.51371358675156,3.9051154788459757,20,4.33376227740113
1,2025-10-18T17:23:50.106Z,66.51371358675156,3.9051154788459757,20,4.33376227740113
1,2025-10-18T17:23:55.114Z,66.51371358675156,3.9051154788459757,20,4.33376227740113
1,2025-10-18T17:24:00.115Z,66.51371358675156,3.9051154788459757,22.737840358300318,4.33376227740113
1,2025-10-18T17:24:05.115Z,66.51371358675156,3.9051154788459757,22.737840358300318,4.33376227740113
1,2025-10-18T17:24:10.116Z,64.55657308189859,3.9051154788459757,22.737840358300318,4.33376227740113
1,2025-10-18T17:24:15.117Z,68.79438983314257,3.9051154788459757,22.737840358300318,4.33376227740113
1,2025-10-18T17:24:20.118Z,68.79438983314257,3.9051154788459757,26.665966025722312,4.33376227740113
1,2025-10-18T17:24:25.119Z,68.79438983314257,3.9051154788459757,26.665966025722312,4.33376227740113
1,2025-10-18T17:24:30.125Z,65.198485381003,3.9051154788459757,31.75686395454686,4.33376227740113
1,2025-10-18T17:24:35.127Z,65.198485381003,3.9051154788459757,31.75686395454686,4.33376227740113
1,2025-10-18T17:24:40.128Z,65.198485381003,3.9051154788459757,29.75991188122856,5
1,2025-10-18T17:24:45.130Z,65.198485381003,3.9051154788459757,29.75991188122856,5
1,2025-10-18T17:24:50.133Z,65.198485381003,3.9051154788459757,29.75991188122856,4.874816183841548
1,2025-10-18T17:24:55.136Z,60.32137456921331,3.9051154788459757,29.75991188122856,4.874816183841548
1,2025-10-18T17:25:00.135Z,60.32137456921331,3.9051154788459757,29.75991188122856,4.874816183841548
1,2025-10-18T17:25:05.138Z,55.54804505767547,3.9051154788459757,29.75991188122856,4.874816183841548
1,2025-10-18T17:25:10.139Z,57.185902876355925,3.9051154788459757,29.75991188122856,4.874816183841548
1,2025-10-18T17:25:15.141Z,57.185902876355925,3.9051154788459757,29.75991188122856,4.874816183841548
1,2025-10-18T17:25:20.143Z,57.185902876355925,3.9051154788459757,29.75991188122856,4.874816183841548
1,2025-10-18T17:25:25.146Z,61.22181277343529,3.9051154788459757,24.354734055468573,4.874816183841548
1,2025-10-18T17:25:30.146Z,61.22181277343529,3.9051154788459757,24.354734055468573,4.874816183841548
1,2025-10-18T17:25:35.148Z,61.22181277343529,3.9051154788459757,27.464736419654795,4.874816183841548
1,2025-10-18T17:25:40.149Z,61.22181277343529,3.9051154788459757,27.464736419654795,4.874816183841548
1,2025-10-18T17:25:45.152Z,61.22181277343529,3.9051154788459757,27.464736419654795,4.874816183841548
1,2025-10-18T17:25:50.152Z,65.16745821249675,3.9051154788459757,27.464736419654795,4.874816183841548
1,2025-10-18T17:25:55.155Z,65.06794999985328,3.9051154788459757,20,4.874816183841548
1,2025-10-18T17:26:00.158Z,65.06794999985328,3.9051154788459757,25.679588089919015,4.874816183841548
1,2025-10-18T17:26:05.160Z,61.28301083241064,3.9051154788459757,32.94800859332664,4.874816183841548
1,2025-10-18T17:26:10.161Z,61.28301083241064,5.739794747694422,32.94800859332664,4.874816183841548
1,2025-10-18T17:26:15.162Z,61.28301083241064,5.739794747694422,22.982646346177212,5
1,2025-10-18T17:26:20.163Z,61.28301083241064,5.739794747694422,22.982646346177212,5
1,2025-10-18T17:26:25.165Z,61.28301083241064,5.739794747694422,21.9464343682638,5
1,2025-10-18T17:26:30.167Z,61.28301083241064,5.739794747694422,21.9464343682638,5
1,2025-10-18T17:26:35.168Z,61.28301083241064,5.739794747694422,20.68203614078616,5
1,2025-10-18T17:26:40.170Z,59.59471457598085,5.739794747694422,20.68203614078616,5
1,2025-10-18T17:26:45.171Z,59.59471457598085,5.739794747694422,20.68203614078616,5
1,2025-10-18T17:26:50.172Z,62.726285608906565,5.739794747694422,20.68203614078616,5
1,2025-10-18T17:26:55.173Z,62.726285608906565,5.739794747694422,20.68203614078616,5
1,2025-10-18T17:27:00.175Z,64.32368459387632,5.739794747694422,20,5
1,2025-10-18T17:27:05.175Z,64.32368459387632,5.739794747694422,28.590334785313527,5
1,2025-10-18T17:27:10.178Z,60.77857820377902,5.739794747694422,28.590334785313527,5
1,2025-10-18T17:27:15.179Z,61.926580630713616,5.739794747694422,28.590334785313527,5
1,2025-10-18T17:27:20.179Z,64.04643394774725,5.739794747694422,28.590334785313527,5
1,2025-10-18T17:27:25.180Z,64.04643394774725,1.5023450204563842,28.590334785313527,5
1,2025-10-18T17:27:30.181Z,64.04643394774725,1.1223076515892043,28.590334785313527,5
1,2025-10-18T17:27:35.183Z,64.04643394774725,1.1223076515892043,28.590334785313527,5
1,2025-10-18T17:27:40.184Z,65.97698336716213,1.1223076515892043,26.786919694067308,5
1,2025-10-18T17:27:45.185Z,65.97698336716213,1.1223076515892043,22.55547596822179,5
1,2025-10-18T17:27:50.187Z,65.97698336716213,1.1223076515892043,22.55547596822179,5
1,2025-10-18T17:27:55.190Z,65.97698336716213,1.1223076515892043,20,4.123069832413183
1,2025-10-18T17:28:00.189Z,65.97698336716213,1.1223076515892043,20,4.123069832413183
1,2025-10-18T17:28:05.191Z,62.27966138417379,1.1223076515892043,20,4.123069832413183
1,2025-10-18T17:28:10.192Z,62.27966138417379,1.1223076515892043,20,4.123069832413183
1,2025-10-18T17:28:15.193Z,60.76785143985585,1.1223076515892043,20,4.123069832413183
1,2025-10-18T17:28:20.193Z,64.591512318089,1.1223076515892043,20,3.5080461504470875
1,2025-10-18T17:28:25.196Z,62.45492060392379,1.1223076515892043,20,2.8424247704269696
1,2025-10-18T17:28:30.195Z,62.45492060392379,1.1223076515892043,20,2.8424247704269696
1,2025-10-18T17:28:35.198Z,62.45492060392379,1.1223076515892043,20,2.8424247704269696
1,2025-10-18T17:28:40.201Z,63.4924978158991,1.1223076515892043,20,2.8424247704269696
1,2025-10-18T17:28:45.201Z,63.817437660904325,0,20,2.8424247704269696
1,2025-10-18T17:28:50.203Z,63.817437660904325,0,29.9039253419562,2.8424247704269696
1,2025-10-18T17:28:55.204Z,63.817437660904325,0,29.9039253419562,2.8424247704269696
1,2025-10-18T17:29:00.206Z,63.817437660904325,0,29.9039253419562,2.8424247704269696
1,2025-10-18T17:29:05.207Z,63.817437660904325,0,29.9039253419562,2.2448273260348186
1,2025-10-18T17:29:10.210Z,63.817437660904325,0,29.9039253419562,2.2448273260348186
1,2025-10-18T17:29:15.211Z,63.817437660904325,0,29.9039253419562,2.2448273260348186
1,2025-10-18T17:29:20.211Z,63.817437660904325,0,24.353796566352848,2.2448273260348186
1,2025-10-18T17:29:25.213Z,63.817437660904325,0,22.648002984754005,2.2448273260348186
1,2025-10-18T17:29:30.214Z,63.817437660904325,0,22.648002984754005,2.2448273260348186
1,2025-10-18T17:29:35.216Z,60.79399129426394,0,20.637223281228543,2.2448273260348186
1,2025-10-18T17:29:40.218Z,60.79399129426394,0,26.60531970500875,2.2448273260348186
1,2025-10-18T17:29:45.220Z,58.61580164762529,4.09898116626017,26.60531970500875,2.2448273260348186
1,2025-10-18T17:29:50.222Z,58.61580164762529,4.09898116626017,30.954259851400206,2.2448273260348186
1,2025-10-18T17:29:55.225Z,58.61580164762529,4.09898116626017,30.954259851400206,3.0840008243200527
1,2025-10-18T17:30:00.227Z,53.98738586686703,4.09898116626017,38.66672605190864,3.0840008243200527
1,2025-10-18T17:30:05.227Z,50.22324300395856,3.9529290675522333,38.66672605190864,3.0840008243200527
1,2025-10-18T17:30:10.230Z,50.22324300395856,3.9529290675522333,38.66672605190864,3.0840008243200527
1,2025-10-18T17:30:15.230Z,50.22324300395856,3.9529290675522333,38.66672605190864,3.0840008243200527
1,2025-10-18T17:30:20.233Z,50.22324300395856,3.9529290675522333,38.66672605190864,3.445661069167347
1,2025-10-18T17:30:25.233Z,50.22324300395856,3.9529290675522333,38.66672605190864,3.445661069167347
1,2025-10-18T17:30:30.232Z,50.22324300395856,3.9529290675522333,44.329761416361606,3.445661069167347
1,2025-10-18T17:30:35.236Z,50.22324300395856,3.9529290675522333,44.329761416361606,2.6037261382311367
1,2025-10-18T17:30:40.238Z,50.22324300395856,3.9529290675522333,44.329761416361606,2.6037261382311367
1,2025-10-18T17:30:45.236Z,49.0276614240074,3.9529290675522333,44.329761416361606,1.9850054680576996
1,2025-10-18T17:30:50.240Z,44.974125055552804,3.9529290675522333,45.2599088777664,1.9850054680576996
1,2025-10-18T17:30:55.242Z,44.974125055552804,3.9529290675522333,45.2599088777664,1.9850054680576996
1,2025-10-18T17:31:00.243Z,44.974125055552804,0.9048598496316744,45.2599088777664,1.9850054680576996
1,2025-10-18T17:31:05.244Z,44.974125055552804,0.9048598496316744,45.2599088777664,1.9850054680576996
1,2025-10-18T17:31:10.243Z,43.040069314300894,0.9048598496316744,45.2599088777664,1.9850054680576996
1,2025-10-18T17:31:15.245Z,43.040069314300894,0.9048598496316744,45.2599088777664,1.9850054680576996
1,2025-10-18T17:31:20.247Z,46.68444179307281,0.9048598496316744,43.2887457936229,1.9850054680576996
1,2025-10-18T17:31:25.248Z,46.68444179307281,0.9048598496316744,43.2887457936229,1.8697245492589016
1,2025-10-18T17:31:30.250Z,46.68444179307281,4.746071006572357,51.57453759075064,1.8697245492589016
1,2025-10-18T17:31:35.251Z,46.68444179307281,4.746071006572357,51.57453759075064,1.9021674644425328
1,2025-10-18T17:31:40.252Z,46.68444179307281,4.746071006572357,50.239808062448034,2.620026600160449
1,2025-10-18T17:31:45.250Z,51.23417872091744,4.746071006572357,50.239808062448034,2.620026600160449
1,2025-10-18T17:31:50.254Z,51.23417872091744,3.4196938686358274,50.239808062448034,2.620026600160449
1,2025-10-18T17:31:55.256Z,51.23417872091744,3.4196938686358274,50.239808062448034,1.8543560106798833
1,2025-10-18T17:32:00.256Z,54.19422931532668,3.4196938686358274,50.239808062448034,1.8543560106798833
1,2025-10-18T17:32:05.258Z,54.19422931532668,3.4196938686358274,49.23065797143161,1.8543560106798833
1,2025-10-18T17:32:10.258Z,54.19422931532668,3.4196938686358274,49.23065797143161,2.449596400728531
1,2025-10-18T17:32:15.260Z,53.406039262468575,3.4196938686358274,49.23065797143161,2.449596400728531
1,2025-10-18T17:32:20.260Z,53.406039262468575,3.4196938686358274,49.23065797143161,2.449596400728531
1,2025-10-18T17:32:25.263Z,53.406039262468575,3.4196938686358274,49.23065797143161,2.449596400728531
1,2025-10-18T17:32:30.263Z,53.406039262468575,3.4196938686358274,49.23065797143161,2.449596400728531
1,2025-10-18T17:32:35.265Z,53.406039262468575,3.4196938686358274,49.23065797143161,2.449596400728531
1,2025-10-18T17:32:40.265Z,52.10322130065919,3.4196938686358274,49.23065797143161,1.4648681818220894
1,2025-10-18T17:32:45.264Z,52.10322130065919,3.4196938686358274,49.23065797143161,1.4648681818220894
1,2025-10-18T17:32:50.267Z,56.47405541064101,3.4196938686358274,49.23065797143161,1.4648681818220894
1,2025-10-18T17:32:55.269Z,54.569772037229896,3.4196938686358274,49.23065797143161,1.4648681818220894
1,2025-10-18T17:33:00.270Z,54.569772037229896,5.480680214542872,49.23065797143161,1.4648681818220894
1,2025-10-18T17:33:05.267Z,54.569772037229896,5.480680214542872,49.23065797143161,1.4648681818220894
1,2025-10-18T17:33:10.271Z,54.569772037229896,5.480680214542872,41.27671628985415,1.4648681818220894
1,2025-10-18T17:33:15.273Z,53.73145041668941,5.480680214542872,41.27671628985415,1.4648681818220894
1,2025-10-18T17:33:20.274Z,50.83273046672775,5.480680214542872,41.27671628985415,1.5256808122294179
1,2025-10-18T17:33:25.271Z,50.83273046672775,5.480680214542872,41.27671628985415,1.5256808122294179
1,2025-10-18T19:47:42.088Z,55.09983236593919,2.940155633994283,45.93322259083597,1.5256808122294179
1,2025-10-18T19:47:47.089Z,55.09983236593919,2.940155633994283,45.93322259083597,1.5256808122294179
1,2025-10-18T19:47:52.089Z,58.95498342616776,2.940155633994283,45.93322259083597,1.5256808122294179
1,2025-10-18T19:47:57.090Z,61.943747321411344,2.940155633994283,45.93322259083597,1.5256808122294179
1,2025-10-18T19:48:02.091Z,61.943747321411344,2.940155633994283,45.93322259083597,1.1648468447668587
1,2025-10-18T19:48:07.092Z,61.943747321411344,2.940155633994283,45.93322259083597,1.1648468447668587
1,2025-10-18T19:48:12.092Z,60.75947092009815,2.940155633994283,45.93322259083597,1.1648468447668587
1,2025-10-18T19:48:17.092Z,61.345026171561024,2.940155633994283,45.93322259083597,1.1648468447668587
1,2025-10-18T19:48:22.093Z,61.345026171561024,2.940155633994283,45.93322259083597,1.1648468447668587
1,2025-10-18T19:48:27.094Z,61.345026171561024,0,44.14282084292621,1.1648468447668587
1,2025-10-18T19:48:32.095Z,61.345026171561024,0,44.14282084292621,1.1648468447668587
1,2025-10-18T19:48:37.096Z,57.9574439760995,0,44.14282084292621,1.1648468447668587
1,2025-10-18T19:48:42.097Z,54.48028551407507,0,36.610906373085,0.31013075107600574
1,2025-10-18T19:48:47.097Z,54.48028551407507,0,38.99435697717989,0.31013075107600574
1,2025-10-18T19:48:52.098Z,54.48028551407507,0,32.375752161855544,0.31013075107600574
1,2025-10-18T19:48:57.100Z,54.48028551407507,0,32.375752161855544,0.31013075107600574
1,2025-10-18T19:49:02.101Z,54.48028551407507,0,32.375752161855544,0.581202807957034
1,2025-10-18T19:49:07.102Z,54.48028551407507,0,29.424598381398443,0.581202807957034
1,2025-10-18T19:49:12.104Z,54.48028551407507,0,29.424598381398443,0.581202807957034
1,2025-10-18T19:49:17.105Z,49.98744755967611,0,29.424598381398443,0.581202807957034
1,2025-10-18T19:49:22.107Z,49.98744755967611,0,29.424598381398443,0.581202807957034
1,2025-10-18T19:49:27.108Z,46.406218569095635,0,28.744500519118468,1.5451694760714911
1,2025-10-18T19:49:32.107Z,46.406218569095635,1.7883123119429145,28.744500519118468,1.5451694760714911
1,2025-10-18T19:49:37.109Z,46.406218569095635,4.2165412219211,28.744500519118468,1.5451694760714911
1,2025-10-18T19:49:42.108Z,43.06412213661214,4.2165412219211,27.70447110758843,1.5451694760714911
1,2025-10-18T19:49:47.111Z,43.06412213661214,4.2165412219211,27.70447110758843,1.5451694760714911
