1,2025-10-11T15:21:28.448Z,80,12.075517850647822,30.952352018191053,2.6874102184766406
1,2025-10-11T15:21:33.447Z,80,12.075517850647822,30.952352018191053,2.770318130240683
1,2025-10-11T15:21:38.450Z,80,12.075517850647822,30.952352018191053,2.770318130240683
1,2025-10-11T15:21:43.451Z,80,12.075517850647822,24.4471203335111,2.865625430255497
1,2025-10-11T15:21:48.450Z,80,12.075517850647822,24.4471203335111,2.865625430255497
1,2025-10-11T15:21:53.453Z,80,12.075517850647822,21.279033806879905,2.865625430255497
1,2025-10-11T15:21:58.455Z,80,12.075517850647822,21.279033806879905,2.865625430255497
1,2025-10-11T15:22:03.453Z,76.82242348627841,12.075517850647822,20,2.864815130560542
1,2025-10-11T15:22:08.453Z,76.82242348627841,15.746313156003763,20,1.9016507143811259
1,2025-10-11T15:22:13.454Z,79.61509620113947,15.746313156003763,20,1.9016507143811259
1,2025-10-11T15:22:18.457Z,79.61509620113947,15.746313156003763,20,1.9016507143811259
1,2025-10-11T15:22:23.458Z,80,15.746313156003763,20.745268000562767,1.9016507143811259
1,2025-10-11T15:22:28.456Z,75.75662579207433,15.746313156003763,20.745268000562767,1.9016507143811259
1,2025-10-11T15:22:33.457Z,75.75662579207433,15.746313156003763,20.745268000562767,1.9016507143811259
1,2025-10-11T15:22:38.460Z,77.1727741690386,15.746313156003763,26.412040540034184,1.9016507143811259
1,2025-10-11T15:22:43.459Z,79.24768869928621,15.746313156003763,20,1.2310329602424215
1,2025-10-11T15:22:48.462Z,80,15.55852525865749,20,1.2310329602424215
1,2025-10-11T15:22:53.460Z,80,15.55852525865749,20,1.2310329602424215
1,2025-10-11T15:22:58.463Z,80,15.55852525865749,20,1.2310329602424215
1,2025-10-11T15:23:03.462Z,78.85619917019433,15.55852525865749,20,1.2310329602424215
1,2025-10-11T15:23:08.462Z,78.85619917019433,15.55852525865749,20,1.2310329602424215
1,2025-10-11T15:23:13.465Z,80,15.55852525865749,20,1.2310329602424215
1,2025-10-11T15:23:18.464Z,80,15.55852525865749,20,1.2310329602424215
1,2025-10-11T15:23:23.465Z,79.63165049045055,15.55852525865749,20,1.2310329602424215
1,2025-10-11T15:23:28.467Z,80,15.55852525865749,20,0.7720978726872735
1,2025-10-11T15:23:33.469Z,80,15.55852525865749,20,1.524038480900523
1,2025-10-11T15:23:38.469Z,80,15.55852525865749,20,2.366233876424927
1,2025-10-11T15:23:43.468Z,80,15.55852525865749,20,2.366233876424927
1,2025-10-11T15:23:48.469Z,80,15.55852525865749,20,2.366233876424927
1,2025-10-11T15:23:53.469Z,80,15.55852525865749,20,1.6250265804661412
1,2025-10-11T15:23:58.473Z,78.09406290697132,15.55852525865749,20,1.6250265804661412
estacao,timestamp,producao,paragem,stock,defeitos
1,2025-10-11T15:24:08.469Z,78.09406290697132,15.55852525865749,20,1.6250265804661412
1,2025-10-11T15:24:13.467Z,78.24318612770922,15.55852525865749,20,1.8248806153158315
1,2025-10-11T15:24:18.465Z,78.24318612770922,15.55852525865749,20,1.8248806153158315
1,2025-10-11T15:24:23.465Z,78.24318612770922,15.55852525865749,20,1.8248806153158315
1,2025-10-11T15:24:28.466Z,78.24318612770922,15.55852525865749,20,1.8248806153158315
1,2025-10-11T15:24:33.466Z,80,15.55852525865749,20,1.8248806153158315
1,2025-10-11T15:24:38.470Z,80,15.55852525865749,20,1.8248806153158315
1,2025-10-11T15:24:43.469Z,80,16.881154930495985,20,1.8248806153158315
1,2025-10-11T15:24:48.469Z,80,16.881154930495985,20,1.8248806153158315
1,2025-10-11T15:24:53.470Z,80,16.881154930495985,20,1.8248806153158315
1,2025-10-11T15:24:58.473Z,80,16.881154930495985,20,1.8248806153158315
1,2025-10-11T15:25:03.474Z,77.56534824565354,16.881154930495985,20,2.249868639322743
1,2025-10-11T15:25:08.484Z,77.56534824565354,16.881154930495985,20,2.249868639322743
1,2025-10-11T15:25:13.487Z,77.56534824565354,16.881154930495985,20,2.2398449928520745
1,2025-10-11T15:25:18.489Z,78.25632440833793,16.881154930495985,20,1.7994647044339986
1,2025-10-11T15:25:23.489Z,80,16.881154930495985,20,1.7994647044339986
1,2025-10-11T15:25:28.488Z,80,16.881154930495985,20,1.7994647044339986
1,2025-10-11T15:25:33.492Z,80,16.881154930495985,20,1.7994647044339986
1,2025-10-11T15:25:38.490Z,80,16.881154930495985,20,1.7994647044339986
1,2025-10-11T15:25:43.493Z,80,16.881154930495985,20,1.7994647044339986
1,2025-10-11T15:25:48.492Z,80,16.881154930495985,20,1.7994647044339986
1,2025-10-11T15:25:53.492Z,80,16.881154930495985,20,1.7994647044339986
1,2025-10-11T15:25:58.493Z,80,16.881154930495985,20.38252526020083,1.7994647044339986
1,2025-10-11T15:26:03.494Z,80,16.881154930495985,20.38252526020083,1.7994647044339986
1,2025-10-11T15:26:08.495Z,80,16.881154930495985,20.38252526020083,1.7994647044339986
1,2025-10-11T15:26:13.496Z,80,16.881154930495985,20.38252526020083,1.7994647044339986
1,2025-10-11T15:26:18.495Z,80,16.881154930495985,20,1.3834892284777556
1,2025-10-11T15:26:23.499Z,80,16.881154930495985,20,1.3834892284777556
1,2025-10-11T15:26:28.500Z,80,16.881154930495985,20,1.3834892284777556
1,2025-10-11T15:26:33.499Z,80,16.881154930495985,20,1.3834892284777556
1,2025-10-11T15:26:38.499Z,80,16.881154930495985,20,1.3834892284777556
1,2025-10-11T15:26:43.500Z,80,16.881154930495985,28.95967430153849,1.3834892284777556
1,2025-10-11T15:26:48.503Z,80,16.881154930495985,28.95967430153849,1.3834892284777556
1,2025-10-11T15:26:53.501Z,80,19.456570320814194,28.95967430153849,2.297555577613109
1,2025-10-11T15:26:58.504Z,80,19.456570320814194,28.95967430153849,2.297555577613109
1,2025-10-11T15:27:03.506Z,80,19.456570320814194,28.95967430153849,2.297555577613109
1,2025-10-11T15:27:08.504Z,80,19.456570320814194,28.95967430153849,2.297555577613109
1,2025-10-11T15:27:13.505Z,80,19.456570320814194,26.32594844640002,2.297555577613109
1,2025-10-11T15:27:18.508Z,75.59733014685926,19.456570320814194,26.32594844640002,2.297555577613109
1,2025-10-11T15:27:23.507Z,75.59733014685926,19.456570320814194,26.32594844640002,2.351805304515029
1,2025-10-11T15:27:28.507Z,75.59733014685926,19.456570320814194,26.32594844640002,3.3273282053909603
1,2025-10-11T15:27:33.511Z,75.59733014685926,19.456570320814194,26.32594844640002,3.3273282053909603
1,2025-10-11T15:27:38.510Z,77.24406616844233,19.456570320814194,26.32594844640002,3.3273282053909603
1,2025-10-11T15:27:43.512Z,80,19.456570320814194,26.32594844640002,3.3273282053909603
1,2025-10-11T15:27:48.510Z,80,19.456570320814194,26.32594844640002,3.3273282053909603
1,2025-10-11T15:27:53.511Z,80,19.456570320814194,26.32594844640002,3.3273282053909603
1,2025-10-11T15:27:58.511Z,80,19.456570320814194,26.32594844640002,3.3273282053909603
1,2025-10-11T15:28:03.515Z,80,19.456570320814194,26.32594844640002,3.3273282053909603
1,2025-10-11T15:28:08.513Z,80,19.456570320814194,26.32594844640002,3.3273282053909603
1,2025-10-11T15:28:13.514Z,80,19.456570320814194,26.32594844640002,3.3273282053909603
1,2025-10-11T15:28:18.514Z,80,19.456570320814194,26.32594844640002,3.3273282053909603
1,2025-10-11T15:28:23.518Z,80,19.456570320814194,20,3.3273282053909603
1,2025-10-11T15:28:28.519Z,80,19.456570320814194,20,3.3273282053909603
1,2025-10-11T15:28:33.517Z,80,19.456570320814194,20,3.3273282053909603
1,2025-10-11T15:28:38.518Z,80,15.93222557750333,20,3.3273282053909603
1,2025-10-11T15:28:43.519Z,80,19.136104287732785,20,3.3273282053909603
1,2025-10-11T15:28:48.522Z,80,19.136104287732785,20,3.8249536577304704
1,2025-10-11T15:28:53.520Z,80,19.136104287732785,24.006806480049814,3.8249536577304704
1,2025-10-11T15:28:58.524Z,80,19.136104287732785,24.006806480049814,3.8249536577304704
1,2025-10-11T15:29:03.522Z,80,19.136104287732785,24.006806480049814,3.8249536577304704
1,2025-10-11T15:29:08.526Z,80,19.136104287732785,24.006806480049814,3.8249536577304704
1,2025-10-11T15:29:13.526Z,76.34860930339475,19.136104287732785,31.30513182174422,3.8249536577304704
1,2025-10-11T15:29:18.525Z,78.22114110720295,19.136104287732785,31.30513182174422,3.8249536577304704
1,2025-10-11T15:29:23.525Z,80,19.136104287732785,31.30513182174422,3.8249536577304704
estacao,timestamp,producao,paragem,stock,defeitos
1,2025-10-11T15:29:28.529Z,80,19.136104287732785,27.927373416553664,3.8249536577304704
1,2025-10-11T15:29:33.527Z,80,19.136104287732785,22.15388900736717,3.2609069793573786
1,2025-10-11T15:29:38.528Z,80,19.136104287732785,22.15388900736717,3.2609069793573786
1,2025-10-11T15:29:43.529Z,80,19.136104287732785,20,3.2609069793573786
1,2025-10-11T15:29:48.529Z,80,19.136104287732785,20,3.2609069793573786
1,2025-10-11T15:29:53.529Z,79.6992676328525,21.01600081580118,20,3.2609069793573786
1,2025-10-11T15:29:58.532Z,79.6992676328525,21.01600081580118,20,4.010265434875027
1,2025-10-11T15:30:03.534Z,80,21.01600081580118,28.88156337626701,4.010265434875027
1,2025-10-11T15:30:08.532Z,80,21.01600081580118,28.88156337626701,3.604581528019955
1,2025-10-11T15:30:13.533Z,80,21.01600081580118,28.88156337626701,3.604581528019955
1,2025-10-11T15:30:18.533Z,80,21.01600081580118,27.752820094535373,3.604581528019955
1,2025-10-11T15:30:23.534Z,76.04097659328013,21.01600081580118,27.752820094535373,3.604581528019955
1,2025-10-11T15:30:28.537Z,76.04097659328013,21.01600081580118,27.752820094535373,4.325945046335196
1,2025-10-11T15:30:33.539Z,76.04097659328013,16.620499373197845,27.752820094535373,4.325945046335196
1,2025-10-11T15:30:38.537Z,76.04097659328013,16.620499373197845,27.752820094535373,4.325945046335196
1,2025-10-11T15:30:43.537Z,76.04097659328013,16.620499373197845,27.752820094535373,4.325945046335196
1,2025-10-11T15:30:48.538Z,76.04097659328013,16.620499373197845,20,4.325945046335196
1,2025-10-11T15:30:53.541Z,76.04097659328013,16.620499373197845,20,4.325945046335196
1,2025-10-11T15:30:58.541Z,76.04097659328013,16.620499373197845,20,4.325945046335196
1,2025-10-11T15:31:03.544Z,76.04097659328013,16.620499373197845,20,4.325945046335196
1,2025-10-11T15:31:08.542Z,76.04097659328013,16.620499373197845,20,4.325945046335196
1,2025-10-11T15:31:13.543Z,76.04097659328013,16.620499373197845,20,4.325945046335196
1,2025-10-11T15:31:18.547Z,76.04097659328013,16.620499373197845,29.03063213363219,4.022689307622771
1,2025-10-11T15:31:23.544Z,78.73605617764751,16.620499373197845,26.44225278184152,4.022689307622771
1,2025-10-11T15:31:28.545Z,78.73605617764751,16.620499373197845,27.198706807523912,4.022689307622771
1,2025-10-11T15:31:33.549Z,78.73605617764751,16.620499373197845,22.673079135212234,4.022689307622771
1,2025-10-11T15:31:38.546Z,78.73605617764751,16.620499373197845,20,4.022689307622771
1,2025-10-11T15:31:43.548Z,79.26823890085728,16.620499373197845,20,4.022689307622771
1,2025-10-11T15:31:48.548Z,79.26823890085728,15.424666979859053,20,4.022689307622771
1,2025-10-11T15:31:53.551Z,74.93241854195256,15.424666979859053,20,4.9549073727249535
1,2025-10-11T15:31:58.550Z,74.93241854195256,15.424666979859053,20,4.9549073727249535
1,2025-10-11T15:32:03.554Z,78.7685114824157,15.424666979859053,20,5
1,2025-10-11T15:32:08.555Z,78.87693483220433,15.424666979859053,20,5
1,2025-10-11T15:32:13.556Z,74.01405369357218,15.424666979859053,24.643035746127687,5
1,2025-10-11T15:32:18.554Z,74.01405369357218,15.424666979859053,21.620128391743993,5
1,2025-10-11T15:32:23.557Z,74.01405369357218,15.424666979859053,21.620128391743993,5
1,2025-10-11T15:32:28.558Z,74.01405369357218,15.424666979859053,20,5
1,2025-10-11T15:32:33.557Z,76.04839535164542,15.424666979859053,20,5
1,2025-10-11T15:32:38.558Z,76.04839535164542,15.424666979859053,20,5
1,2025-10-11T15:32:43.559Z,76.04839535164542,15.424666979859053,20,5
1,2025-10-11T15:32:48.559Z,76.04839535164542,15.424666979859053,20,5
1,2025-10-11T15:32:53.563Z,80,15.424666979859053,20,5
1,2025-10-11T15:32:58.561Z,80,15.424666979859053,20,5
1,2025-10-11T15:33:03.561Z,80,15.424666979859053,20,5
1,2025-10-11T15:33:08.562Z,80,15.424666979859053,20,5
1,2025-10-11T15:33:13.566Z,80,19.276010001496754,20,5
1,2025-10-11T15:33:18.567Z,80,19.276010001496754,20,5
1,2025-10-11T15:33:23.568Z,80,19.276010001496754,29.113343194194428,5
1,2025-10-11T15:33:28.569Z,80,19.276010001496754,29.113343194194428,5
1,2025-10-11T15:33:33.570Z,80,16.38963363750699,23.702858947908872,5
1,2025-10-11T15:33:38.571Z,80,16.38963363750699,23.702858947908872,5
1,2025-10-11T15:33:43.569Z,80,16.38963363750699,20,5
1,2025-10-11T15:33:48.570Z,80,16.38963363750699,20,5
1,2025-10-11T15:33:53.570Z,80,16.38963363750699,20,5
1,2025-10-11T15:33:58.571Z,80,16.38963363750699,20,5
1,2025-10-11T15:34:03.571Z,80,16.38963363750699,20,5
1,2025-10-11T15:34:08.572Z,80,16.38963363750699,20,5
1,2025-10-11T15:34:13.572Z,80,16.38963363750699,20,5
1,2025-10-11T15:34:18.573Z,80,11.829111643748037,29.83398332616172,5
1,2025-10-11T15:34:23.576Z,80,11.829111643748037,29.83398332616172,5
1,2025-10-11T15:34:28.575Z,77.38939672133392,11.829111643748037,29.83398332616172,5
1,2025-10-11T15:34:33.576Z,77.38939672133392,11.829111643748037,29.83398332616172,5
1,2025-10-11T15:34:38.579Z,80,11.829111643748037,24.385400101116502,5
1,2025-10-11T15:34:43.577Z,80,11.829111643748037,26.31557759581333,5
1,2025-10-11T15:34:48.578Z,80,11.829111643748037,26.31557759581333,5
estacao,timestamp,producao,paragem,stock,defeitos
1,2025-10-11T15:34:53.578Z,80,11.829111643748037,32.60521184340936,5
1,2025-10-11T15:34:58.579Z,75.79047776130352,11.829111643748037,31.251784879284212,5
1,2025-10-11T15:35:03.579Z,75.79047776130352,11.829111643748037,21.460540546647,5
1,2025-10-11T15:35:08.580Z,75.79047776130352,11.829111643748037,29.158606874371568,5
1,2025-10-11T15:35:13.581Z,75.79047776130352,11.829111643748037,29.158606874371568,5
1,2025-10-11T15:35:18.581Z,75.79047776130352,11.829111643748037,29.158606874371568,5
estacao,timestamp,producao,paragem,stock,defeitos
1,2025-10-11T15:35:23.582Z,77.8318506284164,11.829111643748037,29.158606874371568,4.40995346757813
1,2025-10-11T15:35:28.582Z,77.8318506284164,11.829111643748037,30.574248489983585,3.7074338375132005
1,2025-10-11T15:35:33.583Z,74.12580442519123,15.217554194293646,30.574248489983585,3.7074338375132005
1,2025-10-11T15:35:38.584Z,74.12580442519123,15.217554194293646,30.574248489983585,3.7074338375132005
1,2025-10-11T15:35:43.587Z,74.12580442519123,15.217554194293646,30.574248489983585,2.9682691941812296
1,2025-10-11T15:35:48.586Z,73.9801562224263,15.217554194293646,31.39177952540991,2.9682691941812296
1,2025-10-11T15:35:53.587Z,73.9801562224263,15.217554194293646,26.016446778968184,2.3667506632669233
1,2025-10-11T15:35:58.589Z,71.43418886253764,15.217554194293646,20,2.3667506632669233
1,2025-10-11T15:36:03.588Z,71.43418886253764,15.217554194293646,21.387105012178708,1.6989711683422741
1,2025-10-11T15:36:08.589Z,71.43418886253764,15.217554194293646,20,1.7922140536642188
1,2025-10-11T15:36:13.590Z,71.43418886253764,15.217554194293646,22.763820284876196,1.7922140536642188
1,2025-10-11T15:36:18.593Z,73.52377541353985,15.217554194293646,22.763820284876196,1.7922140536642188
1,2025-10-11T15:36:23.592Z,73.99960899404748,15.217554194293646,22.763820284876196,1.7922140536642188
1,2025-10-11T15:36:28.596Z,73.99960899404748,15.217554194293646,22.763820284876196,1.7922140536642188
1,2025-10-11T15:36:33.597Z,73.99960899404748,18.603777196137802,22.763820284876196,1.7922140536642188
1,2025-10-11T15:36:38.598Z,73.99960899404748,18.603777196137802,22.763820284876196,1.7922140536642188
1,2025-10-11T15:36:43.600Z,69.11290263738661,18.603777196137802,22.763820284876196,1.7922140536642188
1,2025-10-11T15:36:48.599Z,64.65027282848791,18.603777196137802,22.763820284876196,0.9921859436449656
1,2025-10-11T15:36:53.600Z,64.16825022178986,18.603777196137802,22.763820284876196,0.9921859436449656
1,2025-10-11T15:36:58.600Z,64.16825022178986,18.603777196137802,22.763820284876196,0.9921859436449656
1,2025-10-11T15:37:03.601Z,59.642949470450276,18.603777196137802,22.763820284876196,0.9921859436449656
1,2025-10-11T15:37:08.602Z,63.35049147041365,18.777472381594556,22.763820284876196,0.9921859436449656
1,2025-10-11T15:37:13.602Z,63.35049147041365,18.777472381594556,22.763820284876196,0.9921859436449656
1,2025-10-11T15:37:18.603Z,63.35049147041365,18.777472381594556,22.763820284876196,0.9921859436449656
1,2025-10-11T15:37:23.605Z,59.87895677330156,18.777472381594556,22.763820284876196,0.9921859436449656
1,2025-10-11T15:37:28.606Z,59.87895677330156,18.777472381594556,22.763820284876196,0.9921859436449656
1,2025-10-11T15:37:33.606Z,59.87895677330156,18.777472381594556,22.844440633587173,0.5000427595474989
1,2025-10-11T15:37:38.609Z,59.87895677330156,18.777472381594556,20.31055567732357,0.5000427595474989
1,2025-10-11T15:37:43.611Z,58.17900676925333,18.777472381594556,20.31055567732357,0.5000427595474989
1,2025-10-11T15:37:48.609Z,54.61495305054849,18.777472381594556,20.31055567732357,0.5000427595474989
1,2025-10-11T15:37:53.609Z,54.61495305054849,15.997596219579894,20.31055567732357,0.5000427595474989
1,2025-10-11T15:37:58.610Z,54.61495305054849,15.997596219579894,20.31055567732357,0.5000427595474989
1,2025-10-11T15:38:03.610Z,58.760999860690525,15.997596219579894,20.31055567732357,0.5699705319667214
1,2025-10-11T15:38:08.614Z,62.71325555500087,15.997596219579894,20.31055567732357,1.3996495811302974
1,2025-10-11T15:38:13.612Z,62.71325555500087,15.997596219579894,23.847964607785098,1.3996495811302974
1,2025-10-11T15:38:18.616Z,58.51041717406139,15.997596219579894,20,1.3996495811302974
1,2025-10-11T15:38:23.615Z,58.51041717406139,15.997596219579894,20,1.3996495811302974
1,2025-10-11T15:38:28.615Z,58.51041717406139,15.997596219579894,20,1.3996495811302974
1,2025-10-11T15:38:33.617Z,58.51041717406139,15.997596219579894,20,1.3996495811302974
1,2025-10-11T15:38:38.617Z,63.03040038449353,15.997596219579894,20,1.3996495811302974
1,2025-10-11T15:38:43.617Z,63.03040038449353,12.485627242555857,20,1.3996495811302974
1,2025-10-11T15:38:48.621Z,63.03040038449353,12.485627242555857,20,1.3996495811302974
1,2025-10-11T15:38:53.622Z,63.03040038449353,13.787386766893944,20,2.039248487690232
1,2025-10-11T15:38:58.623Z,67.53928013114239,13.787386766893944,20,2.8158506797539795
1,2025-10-11T15:39:03.622Z,69.25743027077655,13.787386766893944,20,2.8158506797539795
1,2025-10-11T15:39:08.625Z,65.49464120993437,12.472193798168849,20,2.8158506797539795
1,2025-10-11T15:39:13.626Z,65.49464120993437,9.639883377408427,20,2.8158506797539795
1,2025-10-11T15:39:18.626Z,65.49464120993437,9.639883377408427,20,2.8158506797539795
1,2025-10-11T15:39:23.625Z,65.49464120993437,9.639883377408427,20,2.8158506797539795
1,2025-10-11T15:39:28.626Z,65.49464120993437,9.639883377408427,20,2.8158506797539795
1,2025-10-11T15:39:33.626Z,65.49464120993437,9.639883377408427,20,2.8158506797539795
1,2025-10-11T15:39:38.630Z,65.49464120993437,9.639883377408427,20,2.8158506797539795
estacao,timestamp,producao,paragem,stock,defeitos
1,2025-10-11T15:39:43.628Z,65.49464120993437,9.639883377408427,20,3.577373716900807
1,2025-10-11T15:39:48.628Z,65.49464120993437,9.639883377408427,20,3.577373716900807
1,2025-10-11T15:39:53.629Z,67.05063069732459,9.639883377408427,20,3.577373716900807
1,2025-10-11T15:39:58.630Z,67.05063069732459,9.639883377408427,20,3.577373716900807
1,2025-10-11T15:40:03.630Z,67.05063069732459,9.639883377408427,20,3.577373716900807
1,2025-10-11T15:40:08.630Z,70.03784976015369,9.639883377408427,20,3.577373716900807
1,2025-10-11T15:40:13.632Z,68.10666939833315,9.639883377408427,20,4.256431439809167
1,2025-10-11T15:40:18.634Z,68.10666939833315,9.639883377408427,20,4.256431439809167
1,2025-10-11T15:40:23.633Z,68.10666939833315,9.639883377408427,20,4.256431439809167
1,2025-10-11T15:40:28.634Z,68.10666939833315,9.639883377408427,20,4.256431439809167
1,2025-10-11T15:40:33.635Z,68.10666939833315,9.639883377408427,20,4.256431439809167
1,2025-10-11T15:40:38.638Z,68.10666939833315,9.639883377408427,20,4.256431439809167
1,2025-10-11T15:40:43.637Z,68.10666939833315,9.639883377408427,23.736977149481252,4.705182518277283
1,2025-10-11T15:40:48.637Z,68.10666939833315,9.639883377408427,23.736977149481252,4.705182518277283
1,2025-10-11T15:40:53.638Z,65.28111813983205,12.973630608019267,23.736977149481252,4.705182518277283
1,2025-10-11T15:40:58.639Z,65.28111813983205,12.973630608019267,23.736977149481252,4.705182518277283
1,2025-10-11T15:41:03.640Z,65.28111813983205,12.973630608019267,23.736977149481252,5
estacao,timestamp,producao,paragem,stock,defeitos
1,2025-10-11T15:41:08.643Z,65.28111813983205,12.973630608019267,23.736977149481252,4.624216567320394
1,2025-10-11T15:41:13.641Z,65.28111813983205,12.973630608019267,23.736977149481252,4.624216567320394
1,2025-10-11T15:41:18.645Z,65.28111813983205,12.973630608019267,23.736977149481252,4.624216567320394
1,2025-10-11T15:41:23.643Z,65.9465050290155,12.973630608019267,20,4.624216567320394
1,2025-10-11T15:41:28.644Z,65.9465050290155,12.973630608019267,28.27683266607704,4.624216567320394
estacao,timestamp,producao,paragem,stock,defeitos
1,2025-10-11T15:41:33.645Z,68.68752138324199,12.973630608019267,28.27683266607704,4.624216567320394
1,2025-10-11T15:41:38.645Z,68.68752138324199,12.973630608019267,20,4.624216567320394
1,2025-10-11T15:41:43.649Z,65.59347218923254,12.973630608019267,20,4.624216567320394
1,2025-10-11T15:41:48.651Z,65.59347218923254,13.750630040029357,24.468619162470524,4.624216567320394
1,2025-10-11T15:41:53.652Z,65.38362532073168,13.750630040029357,24.468619162470524,4.624216567320394
1,2025-10-11T15:41:58.650Z,65.38362532073168,13.750630040029357,25.09780041042506,5
estacao,timestamp,producao,paragem,stock,defeitos
1,2025-10-11T15:42:03.654Z,65.38362532073168,13.750630040029357,20,5
1,2025-10-11T15:42:08.652Z,68.96588243197867,13.750630040029357,20,5
1,2025-10-11T15:42:13.654Z,68.96588243197867,13.750630040029357,20,5
1,2025-10-11T15:42:18.653Z,68.96588243197867,13.750630040029357,20,5
1,2025-10-11T15:42:23.654Z,68.96588243197867,13.750630040029357,20,5
1,2025-10-11T15:42:28.654Z,64.29478247449201,13.750630040029357,20,4.974601825811505
estacao,timestamp,producao,paragem,stock,defeitos
1,2025-10-11T15:42:33.655Z,64.29478247449201,13.750630040029357,20,4.974601825811505
estacao,timestamp,producao,paragem,stock,defeitos
1,2025-10-11T15:42:38.655Z,60.30422767428399,13.750630040029357,20,4.974601825811505
1,2025-10-11T15:42:43.656Z,60.30422767428399,13.750630040029357,20.62070763863305,4.974601825811505
1,2025-10-11T15:42:48.657Z,60.30422767428399,13.750630040029357,20.62070763863305,5
1,2025-10-11T15:42:53.661Z,60.30422767428399,13.750630040029357,20.62070763863305,5
1,2025-10-11T15:42:58.659Z,60.30422767428399,13.750630040029357,20,5
1,2025-10-11T15:43:03.662Z,61.39532371866674,13.750630040029357,20,5
1,2025-10-11T15:43:08.660Z,61.39532371866674,13.750630040029357,20,5
1,2025-10-11T15:43:13.661Z,61.39532371866674,13.750630040029357,20,4.7940700646049885
1,2025-10-11T15:43:18.664Z,61.39532371866674,13.750630040029357,20,4.7940700646049885
1,2025-10-11T15:43:23.663Z,61.39532371866674,13.750630040029357,20,4.7940700646049885
1,2025-10-11T15:43:28.665Z,61.39532371866674,13.750630040029357,20,4.7940700646049885
1,2025-10-11T15:43:33.667Z,61.39532371866674,13.750630040029357,20,4.7940700646049885
1,2025-10-11T15:43:38.666Z,65.2693550266062,13.750630040029357,20,4.7940700646049885
1,2025-10-11T15:43:43.667Z,65.2693550266062,13.750630040029357,20,4.7940700646049885
1,2025-10-11T15:43:48.668Z,65.2693550266062,13.138213104183457,20,5
1,2025-10-11T15:43:53.672Z,65.2693550266062,13.138213104183457,29.68791659796176,5
1,2025-10-11T15:43:58.673Z,65.2693550266062,13.138213104183457,29.68791659796176,5
1,2025-10-11T15:44:03.674Z,62.87530170106548,13.138213104183457,29.68791659796176,5
1,2025-10-11T15:44:08.672Z,62.87530170106548,13.138213104183457,29.68791659796176,5
1,2025-10-11T15:44:13.673Z,62.87530170106548,13.138213104183457,29.68791659796176,5
1,2025-10-11T15:44:18.674Z,60.060017430091534,13.138213104183457,29.68791659796176,5
estacao,timestamp,producao,paragem,stock,defeitos
1,2025-10-11T15:44:23.675Z,60.060017430091534,13.138213104183457,28.316515516271043,5
1,2025-10-11T15:44:28.676Z,60.060017430091534,13.138213104183457,28.316515516271043,5
1,2025-10-11T15:44:33.676Z,60.060017430091534,13.138213104183457,28.316515516271043,5
1,2025-10-11T15:44:38.677Z,59.99799472421045,13.138213104183457,20.651844985213994,4.981421284742912
1,2025-10-11T15:44:43.680Z,59.99799472421045,13.138213104183457,20,4.981421284742912
1,2025-10-11T15:44:48.681Z,59.99799472421045,16.80872988862754,20,4.981421284742912
1,2025-10-11T15:44:53.679Z,59.99799472421045,16.80872988862754,20,4.194803973607262
1,2025-10-11T15:44:58.683Z,59.99799472421045,16.80872988862754,20,4.194803973607262
1,2025-10-11T15:45:03.681Z,59.52031298084813,16.80872988862754,20,4.194803973607262
1,2025-10-11T15:45:08.682Z,59.52031298084813,16.80872988862754,20,4.194803973607262
1,2025-10-11T15:45:13.685Z,59.52031298084813,16.80872988862754,20,4.194803973607262
1,2025-10-11T15:45:18.683Z,55.09283671275089,16.80872988862754,20,4.194803973607262
1,2025-10-11T15:45:23.684Z,53.0623430074179,16.80872988862754,20,4.194803973607262
1,2025-10-11T15:45:28.684Z,53.0623430074179,12.02825528883429,20,4.194803973607262
1,2025-10-11T15:45:33.689Z,55.439153742779844,11.413074097329316,20,4.194803973607262
1,2025-10-11T15:45:38.686Z,58.903614433990285,14.21502086489653,20,4.194803973607262
1,2025-10-11T15:45:43.687Z,58.903614433990285,14.21502086489653,20,4.194803973607262
estacao,timestamp,producao,paragem,stock,defeitos
1,2025-10-11T15:45:48.687Z,57.02503322096652,14.21502086489653,20,4.194803973607262
1,2025-10-11T15:45:53.688Z,60.514192714296875,14.21502086489653,20,4.194803973607262
1,2025-10-11T15:45:58.691Z,60.514192714296875,14.21502086489653,27.484301846209988,4.194803973607262
1,2025-10-11T15:46:03.690Z,64.57109318722604,14.21502086489653,27.484301846209988,4.194803973607262
1,2025-10-11T15:46:08.692Z,64.57109318722604,14.21502086489653,27.484301846209988,4.194803973607262
1,2025-10-11T15:46:13.695Z,62.59215354456968,14.21502086489653,27.484301846209988,4.194803973607262
1,2025-10-11T15:46:18.696Z,62.59215354456968,14.21502086489653,27.484301846209988,4.194803973607262
1,2025-10-11T15:46:23.695Z,62.59215354456968,14.21502086489653,27.484301846209988,4.194803973607262
1,2025-10-11T15:46:28.695Z,62.59215354456968,14.21502086489653,27.484301846209988,4.194803973607262
1,2025-10-11T15:46:33.696Z,62.59215354456968,14.21502086489653,24.430914380778653,4.194803973607262
1,2025-10-11T15:46:38.696Z,62.59215354456968,14.21502086489653,24.430914380778653,3.912894767830111
1,2025-10-11T15:46:43.696Z,62.59215354456968,14.21502086489653,24.430914380778653,4.700612442542583
1,2025-10-11T15:46:48.699Z,62.59215354456968,14.21502086489653,24.430914380778653,4.700612442542583
1,2025-10-11T15:46:53.698Z,62.59215354456968,14.21502086489653,24.430914380778653,4.700612442542583
1,2025-10-11T15:46:58.702Z,62.59215354456968,19.185497258419627,23.159351528263194,4.746300592322914
1,2025-10-11T15:47:03.701Z,62.59215354456968,19.185497258419627,27.882953653328272,4.746300592322914
1,2025-10-11T15:47:08.702Z,62.59215354456968,19.185497258419627,26.498494632387878,4.746300592322914
1,2025-10-11T15:47:13.705Z,64.04261345271973,19.185497258419627,26.498494632387878,4.746300592322914
1,2025-10-11T15:47:18.706Z,64.16509395486658,19.185497258419627,26.498494632387878,4.746300592322914
1,2025-10-11T15:47:23.708Z,64.16509395486658,16.69383544958761,27.519141062992535,4.746300592322914
1,2025-10-11T15:47:28.706Z,64.16509395486658,16.69383544958761,23.629480414607553,4.746300592322914
1,2025-10-11T15:47:33.707Z,64.16509395486658,16.69383544958761,23.629480414607553,4.706501888188583
1,2025-10-11T15:47:38.708Z,64.16509395486658,16.69383544958761,23.629480414607553,4.656353629182064
1,2025-10-11T15:47:43.708Z,64.16509395486658,16.69383544958761,23.629480414607553,4.656353629182064
1,2025-10-11T15:47:48.709Z,64.16509395486658,16.69383544958761,20,4.656353629182064
1,2025-10-11T15:47:53.712Z,65.95807515466366,16.69383544958761,20,3.8561646957047895
1,2025-10-11T15:47:58.710Z,67.39360848991952,16.69383544958761,20,3.8561646957047895
1,2025-10-11T15:48:03.712Z,63.889231353949384,16.69383544958761,20,4.062414650158557
1,2025-10-11T15:48:08.711Z,63.889231353949384,16.69383544958761,25.06637204380202,4.062414650158557
1,2025-10-11T15:48:13.715Z,63.889231353949384,16.69383544958761,25.06637204380202,4.062414650158557
1,2025-10-11T15:48:18.713Z,63.889231353949384,16.69383544958761,25.06637204380202,4.062414650158557
1,2025-10-11T15:48:23.714Z,63.889231353949384,16.69383544958761,20,4.062414650158557
1,2025-10-11T15:48:28.714Z,63.889231353949384,16.69383544958761,25.162870933555784,4.062414650158557
1,2025-10-11T15:48:33.715Z,63.889231353949384,16.69383544958761,23.787335896797046,4.832674995896789
1,2025-10-11T15:48:38.715Z,63.889231353949384,16.69383544958761,20,4.832674995896789
1,2025-10-11T15:48:43.715Z,59.923179294347634,16.69383544958761,20,4.832674995896789
1,2025-10-11T15:48:48.717Z,55.75594525321176,16.69383544958761,20,4.832674995896789
1,2025-10-11T15:48:53.717Z,55.75594525321176,16.69383544958761,20,4.832674995896789
1,2025-10-11T15:48:58.717Z,55.75594525321176,16.69383544958761,20,4.263127542174021
1,2025-10-11T15:49:03.718Z,55.75594525321176,16.69383544958761,20,4.920466139645794
1,2025-10-11T15:49:08.719Z,55.75594525321176,16.69383544958761,20,4.366700148006008
1,2025-10-11T15:49:13.722Z,55.75594525321176,16.69383544958761,20,4.366700148006008
1,2025-10-11T15:49:18.721Z,55.75594525321176,20.60292680189448,20,4.366700148006008
1,2025-10-11T15:49:23.722Z,55.75594525321176,20.60292680189448,20,4.366700148006008
1,2025-10-11T15:49:28.722Z,55.75594525321176,22.41392291705559,20,4.475738506746051
1,2025-10-11T15:49:33.722Z,55.75594525321176,22.41392291705559,20,4.475738506746051
1,2025-10-11T15:49:38.726Z,55.75594525321176,22.41392291705559,20,4.475738506746051
1,2025-10-11T15:49:43.727Z,55.75594525321176,22.41392291705559,20,3.8158345097093274
1,2025-10-11T15:49:48.728Z,59.24108236309396,22.41392291705559,20,3.8158345097093274
1,2025-10-11T15:49:53.730Z,59.24108236309396,22.41392291705559,20,3.8158345097093274
1,2025-10-11T15:49:58.730Z,61.747886616242766,22.41392291705559,20,3.8158345097093274
1,2025-10-11T15:50:03.729Z,61.747886616242766,22.41392291705559,20,3.8158345097093274
1,2025-10-11T15:50:08.730Z,61.747886616242766,22.41392291705559,20,3.8158345097093274
1,2025-10-11T15:50:13.732Z,61.747886616242766,22.41392291705559,20,3.1297209174604723
1,2025-10-11T15:50:18.731Z,57.046587055245226,22.41392291705559,29.614915996435954,3.1297209174604723
1,2025-10-11T15:50:23.732Z,57.046587055245226,22.41392291705559,29.614915996435954,3.1297209174604723
1,2025-10-11T15:50:28.732Z,57.046587055245226,22.41392291705559,29.614915996435954,3.1811502925681436
1,2025-10-11T15:50:33.736Z,57.046587055245226,22.41392291705559,29.540348701181045,3.1811502925681436
1,2025-10-11T15:50:38.735Z,57.046587055245226,22.41392291705559,29.540348701181045,2.4269964540871536
1,2025-10-11T15:50:43.739Z,57.046587055245226,22.41392291705559,29.540348701181045,2.44615142763768
1,2025-10-11T15:50:48.740Z,57.046587055245226,22.41392291705559,37.33273200354431,2.44615142763768
1,2025-10-11T15:50:53.741Z,58.52718655425681,22.41392291705559,37.33273200354431,3.4359171503049213
1,2025-10-11T15:50:58.742Z,58.52718655425681,22.41392291705559,37.33273200354431,3.4359171503049213
1,2025-10-11T15:51:03.741Z,55.375118725751,22.41392291705559,37.33273200354431,3.4359171503049213
1,2025-10-11T15:51:08.744Z,55.375118725751,22.41392291705559,37.33273200354431,3.4359171503049213
1,2025-10-11T15:51:13.745Z,55.61486962501767,22.41392291705559,37.33273200354431,3.4359171503049213
1,2025-10-11T15:51:18.743Z,55.507842567655416,22.41392291705559,30.458131291854098,3.4359171503049213
1,2025-10-11T15:51:23.747Z,59.392720613461584,22.41392291705559,30.458131291854098,3.4359171503049213
1,2025-10-11T15:51:28.748Z,55.93093466572333,22.41392291705559,38.84425897696762,3.4359171503049213
1,2025-10-11T15:51:33.746Z,54.0728725982661,22.41392291705559,38.84425897696762,4.429756002631647
1,2025-10-11T15:51:38.747Z,54.0728725982661,22.41392291705559,38.84425897696762,4.7577573816778065
1,2025-10-11T15:51:43.750Z,55.548684209303104,22.41392291705559,38.84425897696762,4.592567308875242
1,2025-10-11T15:51:48.752Z,55.548684209303104,22.41392291705559,38.84425897696762,4.495970008587914
1,2025-10-11T15:51:53.753Z,58.947312695918136,22.41392291705559,32.781716216665984,4.495970008587914
1,2025-10-11T15:51:58.754Z,59.95232143686244,22.41392291705559,25.669543859788348,4.495970008587914
1,2025-10-11T15:52:03.752Z,59.95232143686244,22.41392291705559,25.669543859788348,4.495970008587914
1,2025-10-11T15:52:08.753Z,59.95232143686244,22.41392291705559,25.669543859788348,4.495970008587914
1,2025-10-11T15:52:13.754Z,62.879927894121835,22.41392291705559,24.63087634657147,4.495970008587914
1,2025-10-11T15:52:18.758Z,61.20929414910005,22.41392291705559,24.63087634657147,4.495970008587914
1,2025-10-11T15:52:23.759Z,59.3068789993666,22.41392291705559,24.63087634657147,5
1,2025-10-11T15:52:28.757Z,59.3068789993666,22.41392291705559,20,5
1,2025-10-11T15:52:33.759Z,59.3068789993666,22.41392291705559,20,5
1,2025-10-11T15:52:38.760Z,59.3068789993666,22.41392291705559,20,5
1,2025-10-11T15:52:43.760Z,59.3068789993666,22.41392291705559,20,5
1,2025-10-11T15:52:48.763Z,59.3068789993666,22.41392291705559,20,5
1,2025-10-11T15:52:53.765Z,59.3068789993666,22.41392291705559,20,5
1,2025-10-11T15:52:58.766Z,59.3068789993666,22.41392291705559,20,5
1,2025-10-11T15:53:03.764Z,61.90595316305166,20.122802748256298,24.547351078538696,5
1,2025-10-11T15:53:08.765Z,61.90595316305166,20.122802748256298,20.825248044267195,4.804435259647143
1,2025-10-11T15:53:13.766Z,61.90595316305166,24.841593535589436,25.17049981886342,4.804435259647143
1,2025-10-11T15:53:18.766Z,61.90595316305166,24.841593535589436,25.17049981886342,4.771977822927414
1,2025-10-11T15:53:23.766Z,61.90595316305166,24.841593535589436,20,4.771977822927414
1,2025-10-11T15:53:28.767Z,58.651561404666175,29.007891474152164,20,4.771977822927414
estacao,timestamp,producao,paragem,stock,defeitos
1,2025-10-11T15:53:33.768Z,58.651561404666175,26.405932384802405,20,4.771977822927414
1,2025-10-11T15:53:38.768Z,58.651561404666175,26.405932384802405,21.58086368364765,4.771977822927414
1,2025-10-11T15:53:43.772Z,58.651561404666175,26.405932384802405,20,4.771977822927414
1,2025-10-11T15:53:48.770Z,58.651561404666175,26.405932384802405,20,5
1,2025-10-11T15:53:53.771Z,58.651561404666175,27.023298408304253,20,5
1,2025-10-11T15:53:58.771Z,58.651561404666175,27.023298408304253,20,5
1,2025-10-11T15:54:03.772Z,58.651561404666175,27.023298408304253,20,5
1,2025-10-11T15:54:08.773Z,57.08030960775173,27.023298408304253,20,5
1,2025-10-11T15:54:13.773Z,53.55728142481275,27.023298408304253,20,5
1,2025-10-11T15:54:18.776Z,53.55728142481275,27.023298408304253,20,5
1,2025-10-11T15:54:23.775Z,53.55728142481275,27.023298408304253,20,5
1,2025-10-11T15:54:28.778Z,53.55728142481275,27.023298408304253,20,5
1,2025-10-11T15:54:33.779Z,53.55728142481275,27.023298408304253,20,5
1,2025-10-11T15:54:38.780Z,53.55728142481275,26.39826806258465,20,5
1,2025-10-11T15:54:43.779Z,50.06900995443299,26.39826806258465,20,5
1,2025-10-11T15:54:48.779Z,50.06900995443299,26.39826806258465,20,4.538230394907805
1,2025-10-11T15:54:53.780Z,50.06900995443299,26.39826806258465,20,4.538230394907805
1,2025-10-11T15:54:58.783Z,50.06900995443299,26.39826806258465,20,4.538230394907805
1,2025-10-11T15:55:03.783Z,50.06900995443299,26.39826806258465,20,4.958676247617791
1,2025-10-11T15:55:08.782Z,53.37139455638549,26.39826806258465,20,5
1,2025-10-11T15:55:13.783Z,53.37139455638549,26.39826806258465,20,5
1,2025-10-11T15:55:18.784Z,53.826270692281504,26.39826806258465,20,5
1,2025-10-11T15:55:23.787Z,53.826270692281504,26.39826806258465,20,5
1,2025-10-11T15:55:28.786Z,53.826270692281504,26.39826806258465,20,5
1,2025-10-11T15:55:33.789Z,54.27909739207214,26.39826806258465,20,5
1,2025-10-11T15:55:38.787Z,54.27909739207214,26.39826806258465,20,5
1,2025-10-11T15:55:43.791Z,54.27909739207214,26.39826806258465,20,5
1,2025-10-11T15:55:48.792Z,53.34642402405438,26.39826806258465,20,5
1,2025-10-11T15:55:53.790Z,53.34642402405438,26.39826806258465,20,5
1,2025-10-11T15:55:58.791Z,53.34642402405438,23.717292226300874,20,5
1,2025-10-11T15:56:03.791Z,53.34642402405438,23.717292226300874,20,5
1,2025-10-11T15:56:08.792Z,53.34642402405438,23.717292226300874,26.755074470417213,5
1,2025-10-11T15:56:13.793Z,53.34642402405438,23.717292226300874,21.238441483902207,5
1,2025-10-11T15:56:18.793Z,53.34642402405438,18.931796519270424,20,5
1,2025-10-11T15:56:23.797Z,54.096991766078084,18.931796519270424,20,5
1,2025-10-11T15:56:28.796Z,54.096991766078084,18.931796519270424,20,5
1,2025-10-11T15:56:33.796Z,52.75777714119261,18.931796519270424,20,5
1,2025-10-11T15:56:38.796Z,52.75777714119261,18.931796519270424,20,5
1,2025-10-11T15:56:43.797Z,52.75777714119261,18.931796519270424,20,5
1,2025-10-11T15:56:48.797Z,50.25508135890783,18.931796519270424,20,5
1,2025-10-11T15:56:53.798Z,50.25508135890783,18.931796519270424,20,5
1,2025-10-11T15:56:58.802Z,50.25508135890783,18.931796519270424,20,5
1,2025-10-11T15:57:03.800Z,51.83742745477607,18.931796519270424,20,5
1,2025-10-11T15:57:08.801Z,51.83742745477607,18.931796519270424,20,5
1,2025-10-11T15:57:13.801Z,51.83742745477607,18.931796519270424,20,5
1,2025-10-11T15:57:18.802Z,51.83742745477607,18.931796519270424,20,5
1,2025-10-11T15:57:23.803Z,51.83742745477607,18.931796519270424,20,5
1,2025-10-11T15:57:28.803Z,51.83742745477607,18.931796519270424,20,5
1,2025-10-11T15:57:33.806Z,51.83742745477607,18.931796519270424,20,5
1,2025-10-11T15:57:38.805Z,52.476994826327214,18.931796519270424,20,5
1,2025-10-11T15:57:43.807Z,52.476994826327214,18.931796519270424,20,5
1,2025-10-11T15:57:48.809Z,52.476994826327214,18.931796519270424,20,5
1,2025-10-11T15:57:53.810Z,52.476994826327214,18.931796519270424,20,5
1,2025-10-11T15:57:58.812Z,52.476994826327214,18.931796519270424,20,5
1,2025-10-11T15:58:03.813Z,56.575013020174396,18.931796519270424,20,5
1,2025-10-11T15:58:08.814Z,56.575013020174396,18.931796519270424,20,4.653482215077868
1,2025-10-11T15:58:13.814Z,55.92462710954667,18.931796519270424,20,4.653482215077868
1,2025-10-11T15:58:18.813Z,55.92462710954667,18.931796519270424,20,4.653482215077868
1,2025-10-11T15:58:23.813Z,55.92462710954667,18.931796519270424,20,4.653482215077868
1,2025-10-11T15:58:28.816Z,55.92462710954667,18.931796519270424,29.14855522212376,4.653482215077868
1,2025-10-11T15:58:33.814Z,55.92462710954667,18.931796519270424,20.58885921764558,4.653482215077868
1,2025-10-11T15:58:38.815Z,55.92462710954667,18.931796519270424,20.58885921764558,4.653482215077868
1,2025-10-11T15:58:43.816Z,52.522755957426,18.931796519270424,20.58885921764558,4.653482215077868
1,2025-10-11T15:58:48.816Z,52.522755957426,18.931796519270424,20.58885921764558,4.653482215077868
1,2025-10-11T15:58:53.817Z,52.46339194483158,18.931796519270424,20.58885921764558,4.653482215077868
1,2025-10-11T15:58:58.818Z,52.46339194483158,18.931796519270424,20.58885921764558,4.653482215077868
1,2025-10-11T15:59:03.818Z,48.906465507778904,18.931796519270424,20.58885921764558,4.653482215077868
1,2025-10-11T15:59:08.818Z,48.906465507778904,18.931796519270424,20.58885921764558,4.653482215077868
1,2025-10-11T15:59:13.819Z,48.906465507778904,18.931796519270424,20,4.653482215077868
1,2025-10-11T15:59:18.820Z,48.906465507778904,18.931796519270424,20,4.653482215077868
estacao,timestamp,producao,paragem,stock,defeitos
1,2025-10-11T15:59:23.821Z,48.906465507778904,18.931796519270424,20,4.653482215077868
1,2025-10-11T15:59:28.821Z,48.906465507778904,18.185151797440952,20,4.653482215077868
1,2025-10-11T15:59:33.821Z,48.906465507778904,18.185151797440952,20,4.653482215077868
1,2025-10-11T15:59:38.822Z,50.46102514406132,18.185151797440952,20,4.505564743848141
1,2025-10-11T15:59:43.824Z,50.46102514406132,18.185151797440952,20,4.505564743848141
1,2025-10-11T15:59:48.823Z,51.62683486452769,18.185151797440952,20,4.505564743848141
1,2025-10-11T15:59:53.824Z,51.62683486452769,18.185151797440952,24.38282857229291,4.505564743848141
1,2025-10-11T15:59:58.827Z,51.62683486452769,18.185151797440952,24.38282857229291,4.505564743848141
1,2025-10-11T16:00:03.826Z,51.62683486452769,14.480738451048325,24.38282857229291,4.505564743848141
1,2025-10-11T16:00:08.829Z,51.62683486452769,14.480738451048325,24.38282857229291,4.505564743848141
1,2025-10-11T16:00:13.827Z,51.62683486452769,14.480738451048325,24.38282857229291,4.505564743848141
1,2025-10-11T16:00:18.828Z,55.02126060849662,14.480738451048325,24.38282857229291,4.417703408979009
1,2025-10-11T16:00:23.831Z,52.58601095112026,14.480738451048325,24.38282857229291,4.417703408979009
1,2025-10-11T16:00:28.830Z,52.58601095112026,14.480738451048325,24.38282857229291,4.417703408979009
1,2025-10-11T16:00:33.831Z,52.58601095112026,14.480738451048325,24.38282857229291,3.6818894225295735
1,2025-10-11T16:00:38.834Z,52.531853514863435,14.480738451048325,24.38282857229291,3.6818894225295735
1,2025-10-11T16:00:43.835Z,48.77530835353893,14.480738451048325,24.38282857229291,3.6818894225295735
1,2025-10-11T16:00:48.836Z,48.77530835353893,14.480738451048325,24.38282857229291,3.6818894225295735
1,2025-10-11T16:00:53.837Z,50.9327787844951,14.480738451048325,24.38282857229291,3.6818894225295735
1,2025-10-11T16:00:58.836Z,48.30621444862727,14.480738451048325,24.38282857229291,3.6818894225295735
1,2025-10-11T16:01:03.836Z,48.30621444862727,14.480738451048325,25.441384001452768,3.6818894225295735
1,2025-10-11T16:01:08.837Z,48.30621444862727,14.480738451048325,25.441384001452768,3.6818894225295735
1,2025-10-11T16:01:13.837Z,48.30621444862727,14.480738451048325,25.43382512462888,3.6818894225295735
1,2025-10-11T16:01:18.840Z,48.30621444862727,14.480738451048325,25.43382512462888,3.6818894225295735
1,2025-10-11T16:01:23.838Z,48.30621444862727,14.480738451048325,25.43382512462888,3.6818894225295735
1,2025-10-11T16:01:28.839Z,48.30621444862727,14.480738451048325,25.43382512462888,3.6818894225295735
estacao,timestamp,producao,paragem,stock,defeitos
1,2025-10-11T16:46:34.644Z,44.266937400916795,11.328357906826437,98.66588904190203,4.144688681693664
1,2025-10-11T16:46:39.651Z,44.266937400916795,11.328357906826437,98.66588904190203,3.558033888286606
1,2025-10-11T16:46:44.648Z,44.266937400916795,11.328357906826437,98.66588904190203,3.558033888286606
1,2025-10-11T16:46:49.649Z,44.266937400916795,11.328357906826437,98.66588904190203,3.558033888286606
1,2025-10-11T16:46:54.655Z,46.39906930332212,11.328357906826437,95.69732791932661,2.790263722579896
1,2025-10-11T16:46:59.656Z,46.39906930332212,11.328357906826437,97.78943273457894,2.790263722579896
1,2025-10-11T16:47:04.658Z,46.39906930332212,11.328357906826437,97.78943273457894,2.790263722579896
1,2025-10-11T16:47:09.656Z,46.39906930332212,11.328357906826437,97.78943273457894,2.790263722579896
1,2025-10-11T16:47:14.661Z,46.39906930332212,11.328357906826437,97.78943273457894,2.790263722579896
1,2025-10-11T16:47:19.658Z,46.39906930332212,11.328357906826437,97.78943273457894,2.790263722579896
1,2025-10-11T16:47:24.659Z,46.39906930332212,10.041104724023391,96.16447757715369,2.790263722579896
1,2025-10-11T16:47:29.660Z,46.39906930332212,10.041104724023391,96.16447757715369,2.0869763230292517
1,2025-10-11T16:47:34.662Z,46.39906930332212,9.215597267759472,96.16447757715369,2.0869763230292517
1,2025-10-11T16:47:39.662Z,46.39906930332212,9.215597267759472,96.16447757715369,2.0869763230292517
1,2025-10-11T16:47:44.663Z,49.719770540998745,9.215597267759472,96.16447757715369,2.0869763230292517
1,2025-10-11T16:47:49.663Z,46.84358813025302,9.215597267759472,96.16447757715369,2.0869763230292517
1,2025-10-11T16:47:54.669Z,46.84358813025302,9.215597267759472,96.16447757715369,2.0869763230292517
1,2025-10-11T16:47:59.673Z,46.84358813025302,9.215597267759472,96.16447757715369,2.0869763230292517
1,2025-10-11T16:48:04.674Z,46.84358813025302,9.215597267759472,96.16447757715369,2.0869763230292517
1,2025-10-11T16:48:09.676Z,46.84358813025302,9.215597267759472,96.16447757715369,2.0869763230292517
1,2025-10-11T16:48:14.673Z,46.84358813025302,9.215597267759472,96.16447757715369,2.0869763230292517
1,2025-10-11T16:48:19.674Z,46.84358813025302,9.215597267759472,96.16447757715369,2.0869763230292517
1,2025-10-11T16:48:24.674Z,50.65377627047655,9.215597267759472,96.16447757715369,2.0869763230292517
1,2025-10-11T16:48:29.680Z,50.65377627047655,9.215597267759472,96.16447757715369,2.0869763230292517
1,2025-10-11T16:48:34.677Z,50.65377627047655,9.215597267759472,94.37559409405894,1.1254332305426145
1,2025-10-11T16:48:39.683Z,50.65377627047655,9.215597267759472,94.37559409405894,1.1254332305426145
1,2025-10-11T16:48:44.685Z,48.93301060132064,9.215597267759472,95.23631996035304,1.1254332305426145
1,2025-10-11T16:48:49.682Z,48.93301060132064,9.215597267759472,95.23631996035304,1.1254332305426145
1,2025-10-11T16:48:54.682Z,49.012764364602155,9.215597267759472,95.23631996035304,1.1254332305426145
1,2025-10-11T16:48:59.686Z,51.52242034480706,9.215597267759472,95.23631996035304,1.1254332305426145
1,2025-10-11T16:49:04.686Z,50.79400975327681,9.215597267759472,95.23631996035304,1.1254332305426145
1,2025-10-11T16:49:09.685Z,50.79400975327681,9.215597267759472,95.23631996035304,1.1254332305426145
1,2025-10-11T16:49:14.687Z,50.79400975327681,9.215597267759472,95.23631996035304,1.1254332305426145
1,2025-10-11T16:49:19.687Z,53.59394960357635,9.215597267759472,95.23631996035304,1.1254332305426145
1,2025-10-11T16:49:24.688Z,53.59394960357635,9.215597267759472,95.23631996035304,1.1254332305426145
1,2025-10-11T16:49:29.690Z,53.59394960357635,9.215597267759472,95.23631996035304,1.1254332305426145
1,2025-10-11T16:49:34.693Z,53.59394960357635,9.215597267759472,95.23631996035304,1.1254332305426145
1,2025-10-11T16:49:39.691Z,53.59394960357635,9.215597267759472,89.71195054220931,1.1254332305426145
1,2025-10-11T16:49:44.692Z,53.59394960357635,9.215597267759472,89.71195054220931,1.1254332305426145
1,2025-10-11T16:49:49.692Z,53.59394960357635,9.215597267759472,89.71195054220931,1.1254332305426145
1,2025-10-11T16:49:54.695Z,53.59394960357635,9.215597267759472,89.71195054220931,0.9949872849632808
1,2025-10-11T16:49:59.699Z,53.59394960357635,9.215597267759472,89.71195054220931,1.4464737775071181
1,2025-10-11T16:50:04.697Z,58.119028453456345,9.215597267759472,89.71195054220931,1.4464737775071181
1,2025-10-11T16:50:09.701Z,58.119028453456345,9.215597267759472,91.95377749634771,1.4464737775071181
1,2025-10-11T16:50:14.698Z,58.119028453456345,9.215597267759472,91.95377749634771,1.4464737775071181
1,2025-10-11T16:50:19.699Z,58.119028453456345,9.215597267759472,82.26077110427006,1.4464737775071181
1,2025-10-11T16:50:24.703Z,58.119028453456345,9.215597267759472,76.11930644624817,1.4464737775071181
1,2025-10-11T16:50:29.705Z,62.19541844889587,9.215597267759472,76.11930644624817,1.4464737775071181
estacao,timestamp,producao,paragem,stock,defeitos
1,2025-10-11T16:50:34.702Z,65.34133290861152,9.215597267759472,76.62295815174524,1.4464737775071181
1,2025-10-11T16:50:39.703Z,62.451725863849305,9.215597267759472,76.62295815174524,1.4464737775071181
1,2025-10-11T16:50:44.708Z,60.074220850591104,9.215597267759472,76.62295815174524,1.4464737775071181
1,2025-10-11T16:50:49.706Z,63.39594245486538,9.215597267759472,76.62295815174524,1.4464737775071181
1,2025-10-11T16:50:54.706Z,63.39594245486538,9.215597267759472,71.11109650782493,1.4464737775071181
1,2025-10-11T16:50:59.711Z,63.39518703437019,5.094858282443362,71.11109650782493,1.4464737775071181
1,2025-10-11T16:51:04.711Z,63.39518703437019,5.094858282443362,71.11109650782493,1.4464737775071181
1,2025-10-11T16:51:09.718Z,63.39518703437019,5.094858282443362,68.88340604225024,0.8001541281862904
1,2025-10-11T16:51:14.712Z,63.39518703437019,5.094858282443362,68.88340604225024,0.8001541281862904
1,2025-10-11T16:51:19.719Z,63.39518703437019,5.094858282443362,68.88340604225024,0.8001541281862904
1,2025-10-11T16:51:24.720Z,63.39518703437019,5.094858282443362,68.88340604225024,0.8497280575842164
1,2025-10-11T16:51:29.718Z,66.75916846988282,5.094858282443362,68.88340604225024,0.8497280575842164
1,2025-10-11T16:51:34.724Z,66.75916846988282,5.094858282443362,68.88340604225024,0.8497280575842164
1,2025-10-11T16:51:39.727Z,67.81949318245158,5.094858282443362,62.12371651682092,0.8497280575842164
1,2025-10-11T16:51:44.727Z,63.84945177604566,5.094858282443362,60.939342588972686,0.8497280575842164
1,2025-10-11T16:51:49.727Z,63.84945177604566,5.094858282443362,60.939342588972686,0.8497280575842164
1,2025-10-11T16:51:54.725Z,63.84945177604566,5.094858282443362,60.939342588972686,0.8497280575842164
1,2025-10-11T16:51:59.725Z,63.84945177604566,5.094858282443362,54.00252016883974,0.8497280575842164
estacao,timestamp,producao,paragem,stock,defeitos
1,2025-10-11T16:52:04.731Z,59.582600561570516,5.094858282443362,54.00252016883974,0.8497280575842164
1,2025-10-11T16:52:09.732Z,59.582600561570516,5.094858282443362,54.00252016883974,0.8497280575842164
1,2025-10-11T16:52:14.729Z,59.582600561570516,5.094858282443362,54.00252016883974,0.5427816091695193
1,2025-10-11T16:52:19.734Z,59.582600561570516,5.094858282443362,45.31077572495719,0.5427816091695193
1,2025-10-11T16:52:24.731Z,59.582600561570516,5.094858282443362,45.31077572495719,0.5427816091695193
1,2025-10-11T16:52:29.732Z,59.582600561570516,5.094858282443362,51.635561252998215,0.5427816091695193
1,2025-10-11T16:52:34.733Z,64.40086491165737,5.094858282443362,51.635561252998215,0
1,2025-10-11T16:52:39.738Z,64.40086491165737,5.094858282443362,51.635561252998215,0
1,2025-10-11T16:52:44.738Z,64.40086491165737,5.094858282443362,51.635561252998215,0
1,2025-10-11T16:52:49.735Z,64.40086491165737,5.094858282443362,43.45572177537954,0
1,2025-10-11T16:52:54.737Z,64.40086491165737,5.094858282443362,43.45572177537954,0
1,2025-10-11T16:52:59.737Z,64.40086491165737,5.094858282443362,43.45572177537954,0
1,2025-10-11T16:53:04.738Z,64.40086491165737,5.094858282443362,43.45572177537954,0
1,2025-10-11T16:53:09.743Z,64.0833244283969,0.4793663962947905,43.45572177537954,0
1,2025-10-11T16:53:14.740Z,64.0833244283969,0.4793663962947905,43.45572177537954,0.317857164973819
estacao,timestamp,producao,paragem,stock,defeitos
1,2025-10-11T16:53:19.745Z,64.0833244283969,0.4793663962947905,43.45572177537954,0.317857164973819
1,2025-10-11T16:53:24.747Z,66.68709732712405,0.4793663962947905,43.45572177537954,0.317857164973819
1,2025-10-11T16:53:29.744Z,66.68709732712405,0.4793663962947905,34.58924232270467,0.317857164973819
1,2025-10-11T16:53:34.745Z,66.68709732712405,0.4793663962947905,34.58924232270467,0.317857164973819
1,2025-10-11T16:53:39.745Z,66.68709732712405,0.4793663962947905,34.58924232270467,0.317857164973819
estacao,timestamp,producao,paragem,stock,defeitos
1,2025-10-11T16:53:44.750Z,66.68709732712405,0.4793663962947905,32.78929052415695,0.317857164973819
1,2025-10-11T16:53:49.747Z,66.68709732712405,0.4793663962947905,30.855031274956886,0.317857164973819
1,2025-10-11T16:53:54.749Z,66.68709732712405,0.4793663962947905,30.855031274956886,1.1807717654470378
1,2025-10-11T16:53:59.749Z,66.68709732712405,0.4793663962947905,30.855031274956886,1.1807717654470378
1,2025-10-11T16:54:04.752Z,66.68709732712405,0.4793663962947905,30.855031274956886,1.1807717654470378
1,2025-10-11T16:54:09.751Z,64.97611978054879,0.4793663962947905,30.855031274956886,1.1807717654470378
1,2025-10-11T16:54:14.756Z,64.97611978054879,0.4793663962947905,30.855031274956886,2.04470353770759
1,2025-10-11T16:54:19.757Z,63.95532847141495,0.4793663962947905,25.953605746853665,2.04470353770759
1,2025-10-11T16:54:24.756Z,63.95532847141495,0.4793663962947905,25.953605746853665,2.3671058428925598
1,2025-10-11T16:54:29.757Z,63.95532847141495,0.4793663962947905,25.953605746853665,2.3671058428925598
1,2025-10-11T16:54:34.762Z,63.95532847141495,0.4793663962947905,25.953605746853665,2.3671058428925598
1,2025-10-11T16:54:39.765Z,63.95532847141495,0.4793663962947905,23.094889050359523,2.3671058428925598
1,2025-10-11T16:54:44.762Z,63.95532847141495,0.4793663962947905,23.094889050359523,1.4833475645825245
1,2025-10-11T16:54:49.767Z,59.99618382362499,0.4793663962947905,23.094889050359523,1.8613342827626993
1,2025-10-11T16:54:54.764Z,59.99618382362499,0.4793663962947905,20,1.8613342827626993
1,2025-10-11T16:54:59.768Z,59.99618382362499,0.4793663962947905,25.72478194269573,1.8613342827626993
1,2025-10-11T16:55:04.769Z,59.99618382362499,0.4793663962947905,20,1.8613342827626993
1,2025-10-11T16:55:09.769Z,58.95644194881268,0.4793663962947905,20,2.2522756368010626
1,2025-10-11T16:55:14.774Z,58.95644194881268,0.4793663962947905,20,2.2522756368010626
1,2025-10-11T16:55:19.771Z,58.95644194881268,4.007412797604503,20,2.623553041020363
1,2025-10-11T16:55:24.771Z,61.296326166982105,4.007412797604503,20,3.1480509066764997
1,2025-10-11T16:55:29.772Z,61.296326166982105,4.007412797604503,20,3.1480509066764997
1,2025-10-11T16:55:34.772Z,61.296326166982105,4.007412797604503,20,3.8811120761361706
1,2025-10-11T16:55:39.775Z,61.296326166982105,4.007412797604503,20,3.8811120761361706
1,2025-10-11T16:55:44.774Z,61.296326166982105,4.007412797604503,20,3.8811120761361706
1,2025-10-11T16:55:49.779Z,61.296326166982105,2.8142888443181384,20.467994565564464,3.8811120761361706
1,2025-10-11T16:55:54.775Z,61.296326166982105,2.8142888443181384,20.467994565564464,3.8811120761361706
1,2025-10-11T16:55:59.776Z,61.296326166982105,2.8142888443181384,20.467994565564464,3.8811120761361706
1,2025-10-11T16:56:04.776Z,58.30974609230715,2.8142888443181384,22.822842684049576,3.8811120761361706
1,2025-10-11T16:56:09.779Z,56.709877189027736,2.8142888443181384,22.822842684049576,3.8811120761361706
1,2025-10-11T16:56:14.778Z,59.563516658304806,2.8142888443181384,22.822842684049576,3.8811120761361706
1,2025-10-11T16:56:19.780Z,59.563516658304806,2.8142888443181384,22.822842684049576,3.8811120761361706
1,2025-10-11T16:56:24.779Z,59.563516658304806,1.626957436021994,22.822842684049576,3.8811120761361706
1,2025-10-11T16:56:29.784Z,62.430213689702455,1.626957436021994,22.822842684049576,3.8811120761361706
1,2025-10-11T16:56:34.789Z,64.49741997235044,1.626957436021994,31.964435086101737,3.8811120761361706
1,2025-10-11T16:56:39.786Z,64.49741997235044,1.626957436021994,26.06487718902685,4.740904382829357
1,2025-10-11T16:56:44.786Z,64.49741997235044,1.626957436021994,26.06487718902685,4.740904382829357
1,2025-10-11T16:56:49.785Z,64.49741997235044,1.626957436021994,26.06487718902685,4.740904382829357
1,2025-10-11T16:56:54.790Z,69.35607384656879,1.626957436021994,26.06487718902685,4.740904382829357
1,2025-10-11T16:56:59.788Z,69.35607384656879,5.938556093868366,20.9333371168514,4.740904382829357
1,2025-10-11T16:57:04.789Z,69.35607384656879,5.938556093868366,20.9333371168514,5
1,2025-10-11T16:57:09.790Z,69.35607384656879,5.938556093868366,20.9333371168514,5
1,2025-10-11T16:57:14.790Z,69.35607384656879,5.938556093868366,20.9333371168514,5
1,2025-10-11T16:57:19.791Z,69.35607384656879,5.938556093868366,20,5
1,2025-10-11T16:57:24.793Z,69.35607384656879,2.2908870902721064,20,5
estacao,timestamp,producao,paragem,stock,defeitos
1,2025-10-11T16:57:29.797Z,69.35607384656879,2.2908870902721064,20,4.329409178782313
1,2025-10-11T16:57:34.799Z,74.12576680233923,2.2908870902721064,20,4.8026591888715044
1,2025-10-11T16:57:39.796Z,74.12576680233923,2.2908870902721064,20,4.8026591888715044
1,2025-10-11T16:57:44.797Z,74.12576680233923,2.2908870902721064,20,4.8026591888715044
1,2025-10-11T16:57:49.798Z,74.12576680233923,2.2908870902721064,20,4.8026591888715044
1,2025-10-11T16:57:54.799Z,74.12576680233923,2.2908870902721064,20,4.0114715624751085
1,2025-10-11T16:57:59.800Z,74.12576680233923,2.2908870902721064,22.492973529863825,3.8147828832968345
1,2025-10-11T16:58:04.806Z,74.12576680233923,2.2908870902721064,22.492973529863825,3.8147828832968345
1,2025-10-11T16:58:09.802Z,74.12576680233923,2.2908870902721064,22.492973529863825,3.8147828832968345
1,2025-10-11T16:58:14.811Z,72.84300804967194,2.2908870902721064,22.492973529863825,3.8147828832968345
1,2025-10-11T16:58:19.810Z,72.84300804967194,2.2908870902721064,22.492973529863825,3.8147828832968345
1,2025-10-11T16:58:24.807Z,72.84300804967194,2.2908870902721064,22.492973529863825,3.8147828832968345
1,2025-10-11T16:58:29.808Z,72.84300804967194,2.2908870902721064,22.492973529863825,3.8147828832968345
1,2025-10-11T16:58:34.814Z,76.26552143576531,4.353631642912022,22.492973529863825,3.8147828832968345
1,2025-10-11T16:58:39.811Z,76.26552143576531,8.824885771479249,28.38529758330622,3.8147828832968345
estacao,timestamp,producao,paragem,stock,defeitos
1,2025-10-11T16:58:44.811Z,76.26552143576531,8.824885771479249,30.537634444703418,3.8147828832968345
1,2025-10-11T16:58:49.817Z,76.26552143576531,8.824885771479249,30.537634444703418,3.1530379356749454
1,2025-10-11T16:58:54.815Z,73.39723213342523,8.824885771479249,22.193220429483915,3.1530379356749454
1,2025-10-11T16:58:59.820Z,73.39723213342523,8.824885771479249,22.193220429483915,3.1530379356749454
1,2025-10-11T16:59:04.817Z,77.3936892443217,8.824885771479249,22.193220429483915,2.227928042086897
1,2025-10-11T16:59:09.820Z,77.3936892443217,8.824885771479249,22.193220429483915,2.227928042086897
1,2025-10-11T16:59:14.820Z,77.3936892443217,8.824885771479249,22.193220429483915,2.227928042086897
1,2025-10-11T16:59:19.825Z,77.3936892443217,8.824885771479249,22.39453071160332,2.227928042086897
1,2025-10-11T16:59:24.828Z,75.54479538285221,8.824885771479249,20,2.227928042086897
1,2025-10-11T16:59:29.825Z,75.54479538285221,8.824885771479249,20,2.227928042086897
1,2025-10-11T16:59:34.825Z,75.54479538285221,8.824885771479249,20,2.227928042086897
1,2025-10-11T16:59:39.829Z,75.54479538285221,8.824885771479249,20,2.227928042086897
1,2025-10-11T16:59:44.831Z,75.54479538285221,8.824885771479249,20,2.227928042086897
1,2025-10-11T16:59:49.829Z,75.54479538285221,11.71257456809416,20,2.227928042086897
estacao,timestamp,producao,paragem,stock,defeitos
1,2025-10-11T16:59:54.834Z,75.54479538285221,11.71257456809416,20,2.227928042086897
1,2025-10-11T16:59:59.831Z,78.75297672625362,11.71257456809416,20,2.227928042086897
1,2025-10-11T17:00:04.838Z,78.75297672625362,11.71257456809416,20,2.227928042086897
1,2025-10-11T17:00:09.835Z,80,11.71257456809416,20,2.227928042086897
1,2025-10-11T17:00:14.838Z,80,11.71257456809416,20,2.227928042086897
1,2025-10-11T17:00:19.843Z,80,11.71257456809416,20,2.227928042086897
1,2025-10-11T17:00:24.844Z,80,11.71257456809416,20,2.227928042086897
1,2025-10-11T17:00:29.842Z,80,11.71257456809416,20,1.494170846348158
1,2025-10-11T17:00:34.844Z,75.60621652278606,11.71257456809416,20,1.1633629535828107
1,2025-10-11T17:00:39.843Z,77.30750883950505,11.71257456809416,20,1.1633629535828107
1,2025-10-11T17:00:44.843Z,77.30750883950505,11.71257456809416,24.81435699902671,1.1633629535828107
1,2025-10-11T17:00:49.845Z,77.30750883950505,11.71257456809416,24.81435699902671,1.1633629535828107
estacao,timestamp,producao,paragem,stock,defeitos
1,2025-10-11T17:00:54.850Z,78.97548072610016,11.71257456809416,24.81435699902671,1.1633629535828107
1,2025-10-11T17:00:59.849Z,75.19679535379034,11.71257456809416,24.81435699902671,0.8048175851081015
1,2025-10-11T17:01:04.853Z,75.19679535379034,11.71257456809416,24.81435699902671,1.083713785453932
1,2025-10-11T17:01:09.850Z,78.88637615015735,11.71257456809416,24.81435699902671,1.083713785453932
1,2025-10-11T17:01:14.851Z,78.88637615015735,11.71257456809416,20,0.15974396407828817
1,2025-10-11T17:01:19.851Z,80,11.71257456809416,20,0.36473772431620444
1,2025-10-11T17:01:24.857Z,76.12901564803698,11.71257456809416,20,0.36473772431620444
1,2025-10-11T17:01:29.859Z,76.12901564803698,11.71257456809416,20,0.36473772431620444
1,2025-10-11T17:01:34.861Z,76.12901564803698,11.71257456809416,20,0.36473772431620444
1,2025-10-11T17:01:39.858Z,76.12901564803698,11.71257456809416,20,0.36473772431620444
1,2025-10-11T17:01:44.858Z,76.12901564803698,10.143814389639143,20,0.752275888664737
1,2025-10-11T17:01:49.859Z,76.12901564803698,10.143814389639143,20,0.752275888664737
1,2025-10-11T17:01:54.860Z,76.12901564803698,10.143814389639143,20,0.752275888664737
1,2025-10-11T17:01:59.864Z,79.06278227920815,10.143814389639143,20,0.752275888664737
1,2025-10-11T17:02:04.862Z,79.06278227920815,10.143814389639143,20,0.752275888664737
1,2025-10-11T17:02:09.866Z,79.06278227920815,10.143814389639143,20,1.5056885974482703
1,2025-10-11T17:02:14.863Z,79.06278227920815,10.143814389639143,20,1.5056885974482703
1,2025-10-11T17:02:19.869Z,79.06278227920815,10.143814389639143,20,1.5056885974482703
1,2025-10-11T17:02:24.869Z,80,10.143814389639143,20,1.5056885974482703
estacao,timestamp,producao,paragem,stock,defeitos
1,2025-10-11T17:02:29.867Z,80,10.143814389639143,20,1.5056885974482703
1,2025-10-11T17:02:34.868Z,80,10.143814389639143,26.644115842631077,2.323595944934935
1,2025-10-11T17:02:39.872Z,80,10.143814389639143,21.961913892314413,1.9446505772740428
1,2025-10-11T17:02:44.874Z,80,10.143814389639143,20.222121997423628,1.9446505772740428
1,2025-10-11T17:02:49.870Z,78.4027021404821,10.143814389639143,20,1.7585396487049811
1,2025-10-11T17:02:54.871Z,78.4027021404821,10.143814389639143,20,0.7975819761592132
1,2025-10-11T17:02:59.872Z,78.4027021404821,10.143814389639143,20,0.7975819761592132
1,2025-10-11T17:03:04.877Z,76.80794275375801,10.143814389639143,20,0.7975819761592132
1,2025-10-11T17:03:09.878Z,75.93530911060014,10.143814389639143,20,0.7975819761592132
1,2025-10-11T17:03:14.879Z,75.93530911060014,10.143814389639143,20,0.5805025601157422
1,2025-10-11T17:03:19.880Z,75.93530911060014,10.143814389639143,20,0.5805025601157422
1,2025-10-11T17:03:24.880Z,75.93530911060014,10.143814389639143,21.39659050160477,0.5805025601157422
1,2025-10-11T17:03:29.882Z,72.26258218983669,10.143814389639143,26.44213738168439,0.5805025601157422
1,2025-10-11T17:03:34.881Z,72.26258218983669,10.143814389639143,26.44213738168439,0.5805025601157422
1,2025-10-11T17:03:39.882Z,72.26258218983669,10.143814389639143,20,0.5805025601157422
1,2025-10-11T17:03:44.885Z,72.26258218983669,10.143814389639143,20,0.5805025601157422
1,2025-10-11T17:03:49.888Z,72.26258218983669,10.143814389639143,20,0.5805025601157422
1,2025-10-11T17:03:54.885Z,72.26258218983669,10.143814389639143,20,0.5805025601157422
1,2025-10-11T17:03:59.885Z,72.26258218983669,10.143814389639143,20,0.5805025601157422
1,2025-10-11T17:04:04.888Z,74.15432563833686,10.143814389639143,20,0.5805025601157422
1,2025-10-11T17:04:09.890Z,74.15432563833686,10.143814389639143,20,0.5805025601157422
1,2025-10-11T17:04:14.888Z,74.15432563833686,10.143814389639143,20,0.5805025601157422
1,2025-10-11T17:04:19.890Z,74.15432563833686,10.143814389639143,20,0.5805025601157422
1,2025-10-11T17:04:24.890Z,72.42099398416488,10.143814389639143,20,0.5805025601157422
1,2025-10-11T17:04:29.893Z,75.5694683183436,10.143814389639143,20,0.5805025601157422
1,2025-10-11T17:04:34.892Z,75.5694683183436,10.143814389639143,27.96552894368875,0.5805025601157422
1,2025-10-11T17:04:39.897Z,75.5694683183436,10.143814389639143,27.96552894368875,0.5805025601157422
1,2025-10-11T17:04:44.897Z,75.5694683183436,10.143814389639143,27.96552894368875,0.5805025601157422
1,2025-10-11T17:04:49.894Z,73.42747558844249,10.143814389639143,27.96552894368875,0.5805025601157422
estacao,timestamp,producao,paragem,stock,defeitos
1,2025-10-11T17:04:54.894Z,73.42747558844249,10.143814389639143,26.015119562539407,0.5805025601157422
1,2025-10-11T17:04:59.900Z,73.42747558844249,10.143814389639143,32.77169810115319,0.5805025601157422
1,2025-10-11T17:05:04.901Z,71.13935595067699,10.143814389639143,34.05583363702082,0.5805025601157422
1,2025-10-11T17:05:09.899Z,67.35992122636074,10.143814389639143,34.05583363702082,0.8997689051402212
1,2025-10-11T17:05:14.900Z,70.07220580014574,10.143814389639143,34.05583363702082,0.9457182252444724
1,2025-10-11T17:05:19.902Z,71.0777620133794,10.143814389639143,34.05583363702082,0.9457182252444724
1,2025-10-11T17:05:24.901Z,71.0777620133794,10.143814389639143,34.05583363702082,1.7238657825232022
1,2025-10-11T17:05:29.901Z,71.0777620133794,10.143814389639143,34.05583363702082,1.7238657825232022
1,2025-10-11T17:05:34.907Z,71.0777620133794,10.143814389639143,34.05583363702082,1.7238657825232022
1,2025-10-11T17:05:39.909Z,71.0777620133794,10.143814389639143,34.05583363702082,1.7238657825232022
1,2025-10-11T17:05:44.911Z,69.95964470882225,10.143814389639143,34.05583363702082,1.7238657825232022
1,2025-10-11T17:05:49.911Z,68.18268294788567,10.143814389639143,34.05583363702082,1.7238657825232022
1,2025-10-11T17:05:54.908Z,68.18268294788567,10.143814389639143,34.05583363702082,1.7238657825232022
estacao,timestamp,producao,paragem,stock,defeitos
1,2025-10-11T17:05:59.909Z,68.18268294788567,10.143814389639143,34.05583363702082,1.7238657825232022
1,2025-10-11T17:06:04.909Z,70.29672837497213,10.143814389639143,34.05583363702082,1.7238657825232022
1,2025-10-11T17:06:09.912Z,70.29672837497213,10.350089672519475,34.05583363702082,1.7238657825232022
1,2025-10-11T17:06:14.912Z,70.29672837497213,10.350089672519475,34.398257366227384,1.6343335344246768
1,2025-10-11T17:06:19.913Z,70.29672837497213,10.350089672519475,34.398257366227384,1.6343335344246768
1,2025-10-11T17:06:24.912Z,70.29672837497213,10.350089672519475,34.398257366227384,1.6343335344246768
1,2025-10-11T17:06:29.913Z,70.29672837497213,10.350089672519475,34.398257366227384,1.6343335344246768
1,2025-10-11T17:06:34.914Z,70.29672837497213,10.350089672519475,34.398257366227384,1.6343335344246768
1,2025-10-11T17:06:39.918Z,70.29672837497213,10.350089672519475,34.398257366227384,1.6343335344246768
1,2025-10-11T17:06:44.920Z,70.29672837497213,10.350089672519475,34.398257366227384,1.6343335344246768
1,2025-10-11T17:06:49.921Z,70.67881770689078,10.350089672519475,25.42857018733836,1.724369609636652
1,2025-10-11T17:06:54.919Z,70.67881770689078,10.350089672519475,25.42857018733836,1.724369609636652
1,2025-10-11T17:06:59.920Z,70.67881770689078,10.350089672519475,24.657515481729146,2.1124928572742245
1,2025-10-11T17:07:04.920Z,70.67881770689078,10.350089672519475,24.657515481729146,2.1124928572742245
1,2025-10-11T17:07:09.924Z,70.67881770689078,13.169604405374965,30.733384708675352,2.1124928572742245
1,2025-10-11T17:07:14.923Z,70.67881770689078,13.169604405374965,26.57508798279024,2.1124928572742245
1,2025-10-11T17:07:19.926Z,70.67881770689078,14.948978163510441,26.57508798279024,2.1124928572742245
estacao,timestamp,producao,paragem,stock,defeitos
1,2025-10-11T17:07:24.929Z,74.4275018164215,14.948978163510441,26.57508798279024,2.1124928572742245
1,2025-10-11T17:07:29.926Z,71.89074115009922,14.948978163510441,20.925567532738413,2.1124928572742245
1,2025-10-11T17:07:34.927Z,71.89074115009922,14.948978163510441,20,2.1124928572742245
1,2025-10-11T17:07:39.928Z,71.89074115009922,14.948978163510441,20,2.1124928572742245
1,2025-10-11T17:07:44.928Z,71.89074115009922,14.948978163510441,20,2.1124928572742245
1,2025-10-11T17:07:49.929Z,71.98858714847489,14.948978163510441,20,2.1124928572742245
1,2025-10-11T17:07:54.931Z,71.98858714847489,14.948978163510441,20,2.1124928572742245
1,2025-10-11T17:07:59.933Z,71.98858714847489,12.375619287202417,20,2.1124928572742245
1,2025-10-11T17:08:04.932Z,71.98858714847489,14.186117142660198,20,2.1124928572742245
1,2025-10-11T17:08:09.933Z,71.98858714847489,14.186117142660198,20,1.8797112721829259
estacao,timestamp,producao,paragem,stock,defeitos
1,2025-10-11T17:08:14.937Z,71.98858714847489,14.186117142660198,20,1.8797112721829259
1,2025-10-11T17:08:19.937Z,71.98858714847489,14.186117142660198,20,1.8797112721829259
1,2025-10-11T17:08:24.936Z,71.98858714847489,14.186117142660198,20,1.8797112721829259
1,2025-10-11T17:08:29.936Z,68.713093394655,14.186117142660198,20,1.8797112721829259
1,2025-10-11T17:08:34.939Z,66.4652806781393,14.186117142660198,20,1.8797112721829259
1,2025-10-11T17:08:39.937Z,66.4652806781393,14.186117142660198,20,2.6116252067641335
estacao,timestamp,producao,paragem,stock,defeitos
1,2025-10-11T17:08:44.937Z,66.4652806781393,10.253791416529635,20,2.6116252067641335
1,2025-10-11T17:08:49.938Z,69.8143144230755,14.094204140412565,20,2.874656468157503
1,2025-10-11T17:08:54.939Z,69.8143144230755,14.094204140412565,20,2.874656468157503
1,2025-10-11T17:08:59.942Z,65.51092845369908,14.094204140412565,20,2.874656468157503
1,2025-10-11T17:09:04.943Z,65.06941672709341,14.094204140412565,20,2.874656468157503
1,2025-10-11T17:09:09.945Z,65.06941672709341,14.094204140412565,20,2.874656468157503
1,2025-10-11T17:09:14.945Z,60.853151097409764,14.094204140412565,20,2.874656468157503
1,2025-10-11T17:09:19.946Z,60.853151097409764,14.094204140412565,20,3.7836832196944434
1,2025-10-11T17:09:24.945Z,60.132773074733954,14.094204140412565,20,3.7836832196944434
1,2025-10-11T17:09:29.946Z,60.132773074733954,14.094204140412565,20,3.7836832196944434
1,2025-10-11T17:09:34.949Z,60.132773074733954,16.07658059117651,20,3.7836832196944434
1,2025-10-11T17:09:39.950Z,60.132773074733954,16.07658059117651,20,3.7836832196944434
1,2025-10-11T17:09:44.952Z,63.24903351026599,16.07658059117651,20,3.861723128772029
1,2025-10-11T17:09:49.953Z,63.24903351026599,16.07658059117651,20,3.861723128772029
1,2025-10-11T17:09:54.952Z,63.24903351026599,16.07658059117651,20,3.075785567385261
1,2025-10-11T17:09:59.955Z,63.7698159198937,16.07658059117651,20,3.075785567385261
1,2025-10-11T17:10:04.956Z,63.7698159198937,16.07658059117651,20,3.075785567385261
1,2025-10-11T17:10:09.955Z,64.64657640706844,16.07658059117651,20,3.075785567385261
1,2025-10-11T17:10:14.958Z,69.22183873162709,16.07658059117651,20,3.106256076061518
1,2025-10-11T17:10:19.959Z,69.22183873162709,16.07658059117651,22.298916200934162,3.106256076061518
1,2025-10-11T17:10:24.960Z,71.9018048937419,16.07658059117651,22.298916200934162,3.106256076061518
1,2025-10-11T17:10:29.959Z,71.9018048937419,16.07658059117651,22.298916200934162,3.106256076061518
1,2025-10-11T17:10:34.959Z,71.9018048937419,16.07658059117651,20,3.106256076061518
1,2025-10-11T17:10:39.959Z,71.9018048937419,16.07658059117651,20,3.106256076061518
1,2025-10-11T17:10:44.960Z,74.64023436303765,16.07658059117651,20,3.106256076061518
1,2025-10-11T17:10:49.961Z,74.64023436303765,16.07658059117651,20,3.106256076061518
1,2025-10-11T17:10:54.961Z,74.64023436303765,16.07658059117651,20,2.974279631760964
1,2025-10-11T17:10:59.962Z,78.45145368168755,15.826949073501785,20,2.974279631760964
1,2025-10-11T17:11:04.962Z,78.45145368168755,15.826949073501785,20,2.974279631760964
1,2025-10-11T17:11:09.962Z,76.21372007627829,15.826949073501785,20,2.974279631760964
1,2025-10-11T17:11:14.963Z,79.95774110624096,15.826949073501785,20,2.974279631760964
1,2025-10-11T17:11:19.964Z,78.77481916363388,15.826949073501785,20,2.974279631760964
1,2025-10-11T17:11:24.965Z,78.77481916363388,15.826949073501785,20,2.974279631760964
1,2025-10-11T17:11:29.965Z,78.77481916363388,15.826949073501785,20,2.974279631760964
1,2025-10-11T17:11:34.966Z,78.77481916363388,15.826949073501785,20,2.5687773851998785
1,2025-10-11T17:11:39.966Z,73.77730968237822,15.826949073501785,20,2.5687773851998785
1,2025-10-11T17:11:44.967Z,73.77730968237822,16.231047507422637,20,3.204483116903453
1,2025-10-11T17:11:49.967Z,74.94110910614793,16.231047507422637,20,3.204483116903453
1,2025-10-11T17:11:54.968Z,79.3661191935611,16.231047507422637,20,2.460147539228885
1,2025-10-11T17:11:59.968Z,79.3661191935611,16.231047507422637,20,2.460147539228885
1,2025-10-11T17:12:04.969Z,79.3661191935611,16.231047507422637,20,2.460147539228885
1,2025-10-11T17:12:09.969Z,79.3661191935611,17.895825965606782,20,2.460147539228885
1,2025-10-11T17:12:14.970Z,79.17127290606355,17.895825965606782,20,1.8575998401912408
1,2025-10-11T17:12:19.970Z,79.17127290606355,17.895825965606782,20,1.8575998401912408
1,2025-10-11T17:12:24.973Z,79.17127290606355,18.254151922169147,20,1.8575998401912408
1,2025-10-11T17:12:29.973Z,79.17127290606355,18.254151922169147,20,1.8575998401912408
1,2025-10-11T17:12:34.973Z,79.17127290606355,18.254151922169147,20,1.8575998401912408
estacao,timestamp,producao,paragem,stock,defeitos
1,2025-10-11T17:21:44.573Z,44.89859489562482,13.603143743897805,64.55294697134175,2.5920908451840785
1,2025-10-11T17:21:49.573Z,44.89859489562482,14.556277057414892,64.55294697134175,2.5920908451840785
1,2025-10-11T17:21:54.574Z,44.89859489562482,14.556277057414892,64.55294697134175,2.5920908451840785
1,2025-10-11T17:21:59.576Z,41.518315303757824,14.556277057414892,64.55294697134175,2.5920908451840785
1,2025-10-11T17:22:04.575Z,41.518315303757824,14.556277057414892,64.55294697134175,2.5920908451840785
estacao,timestamp,producao,paragem,stock,defeitos
1,2025-10-11T17:22:09.577Z,40,14.556277057414892,64.55294697134175,2.5920908451840785
1,2025-10-11T17:22:14.577Z,42.738996706094774,14.556277057414892,73.14960049517487,2.5920908451840785
1,2025-10-11T17:22:19.578Z,43.027381665454136,14.556277057414892,73.14960049517487,2.5920908451840785
1,2025-10-11T17:22:24.582Z,43.027381665454136,14.556277057414892,67.5004721915725,3.302906490273091
1,2025-10-11T17:22:29.584Z,44.5293584527722,14.556277057414892,58.297237213741624,3.302906490273091
1,2025-10-11T17:22:34.586Z,44.5293584527722,14.556277057414892,58.297237213741624,2.567980191567994
1,2025-10-11T17:22:39.584Z,44.5293584527722,14.556277057414892,54.60782208406063,2.9022280504572318
1,2025-10-11T17:22:44.587Z,44.5293584527722,14.556277057414892,53.731744826912085,2.9022280504572318
1,2025-10-11T17:22:49.591Z,44.5293584527722,14.556277057414892,53.731744826912085,2.9022280504572318
1,2025-10-11T17:22:54.591Z,47.8616605632289,14.556277057414892,53.731744826912085,2.577640774759037
1,2025-10-11T17:22:59.590Z,44.005910466804245,14.556277057414892,53.731744826912085,2.577640774759037
estacao,timestamp,producao,paragem,stock,defeitos
1,2025-10-11T17:23:04.595Z,44.005910466804245,14.556277057414892,53.731744826912085,2.577640774759037
1,2025-10-11T17:23:09.597Z,43.56799361725993,14.556277057414892,46.622810214034736,2.577640774759037
1,2025-10-11T17:23:14.595Z,43.56799361725993,14.556277057414892,54.567383233771025,2.577640774759037
1,2025-10-11T17:23:19.595Z,43.56799361725993,14.556277057414892,54.567383233771025,2.577640774759037
1,2025-10-11T17:23:24.601Z,43.56799361725993,14.556277057414892,54.567383233771025,2.577640774759037
1,2025-10-11T17:23:29.599Z,43.56799361725993,14.556277057414892,47.265286685538335,2.577640774759037
1,2025-10-11T17:23:34.599Z,43.56799361725993,14.556277057414892,47.265286685538335,2.577640774759037
1,2025-10-11T17:23:39.604Z,40,14.556277057414892,47.265286685538335,2.577640774759037
1,2025-10-11T17:23:44.601Z,41.665193059262066,12.884368231191969,47.265286685538335,2.577640774759037
1,2025-10-11T17:23:49.602Z,41.665193059262066,12.884368231191969,47.265286685538335,2.577640774759037
1,2025-10-11T17:23:54.603Z,41.665193059262066,12.884368231191969,48.01156016700029,2.577640774759037
1,2025-10-11T17:23:59.609Z,41.665193059262066,12.884368231191969,48.01156016700029,2.577640774759037
1,2025-10-11T17:24:04.606Z,41.665193059262066,12.884368231191969,48.01156016700029,2.577640774759037
1,2025-10-11T17:24:09.611Z,41.665193059262066,11.061171420613995,45.069757774056036,2.577640774759037
1,2025-10-11T17:24:14.613Z,41.665193059262066,11.061171420613995,42.565366059508634,2.577640774759037
1,2025-10-11T17:24:19.612Z,41.665193059262066,11.061171420613995,42.565366059508634,2.577640774759037
1,2025-10-11T17:24:24.616Z,41.665193059262066,11.061171420613995,42.565366059508634,2.5260572046277305
1,2025-10-11T17:24:29.613Z,41.665193059262066,11.061171420613995,40.147799320950924,2.5260572046277305
1,2025-10-11T17:24:34.614Z,41.665193059262066,11.061171420613995,34.391580667294555,2.5260572046277305
1,2025-10-11T17:24:39.614Z,41.665193059262066,11.89899013944103,34.391580667294555,2.5260572046277305
1,2025-10-11T17:24:44.615Z,41.665193059262066,11.89899013944103,29.21211157156938,2.5260572046277305
1,2025-10-11T17:24:49.621Z,41.665193059262066,11.89899013944103,29.21211157156938,1.8140673769337456
1,2025-10-11T17:24:54.623Z,43.197830669107894,11.89899013944103,32.77669394301555,1.8140673769337456
1,2025-10-11T17:24:59.621Z,43.197830669107894,11.89899013944103,24.968765053346125,1.8140673769337456
1,2025-10-11T17:25:04.623Z,43.197830669107894,11.89899013944103,24.968765053346125,1.8140673769337456
1,2025-10-11T17:25:09.629Z,43.197830669107894,11.89899013944103,24.494816114052732,1.8140673769337456
1,2025-10-11T17:25:14.628Z,43.197830669107894,11.89899013944103,24.494816114052732,1.8140673769337456
1,2025-10-11T17:25:19.626Z,43.197830669107894,11.734108707134304,24.494816114052732,1.8140673769337456
estacao,timestamp,producao,paragem,stock,defeitos
1,2025-10-11T17:25:24.627Z,43.197830669107894,9.678913563333461,27.4606011004717,1.2444579248228451
1,2025-10-11T17:25:29.632Z,43.197830669107894,9.678913563333461,27.4606011004717,1.2444579248228451
1,2025-10-11T17:25:34.634Z,43.197830669107894,9.678913563333461,35.21268328061885,1.2444579248228451
1,2025-10-11T17:25:39.636Z,43.197830669107894,9.678913563333461,35.21268328061885,1.2444579248228451
1,2025-10-11T17:25:44.639Z,43.197830669107894,9.678913563333461,35.21268328061885,0.4048031053480253
1,2025-10-11T17:25:49.636Z,43.197830669107894,9.678913563333461,29.815892047501258,0.4048031053480253
1,2025-10-11T17:25:54.637Z,43.197830669107894,9.678913563333461,21.236416495824244,0.4048031053480253
1,2025-10-11T17:25:59.638Z,47.90795327730769,9.678913563333461,21.236416495824244,0.4048031053480253
1,2025-10-11T17:26:04.642Z,47.90795327730769,9.678913563333461,21.236416495824244,0.4048031053480253
1,2025-10-11T17:26:09.644Z,47.90795327730769,9.678913563333461,21.236416495824244,0.4048031053480253
1,2025-10-11T17:26:14.646Z,47.90795327730769,9.678913563333461,28.836667123370628,0.4048031053480253
1,2025-10-11T17:26:19.647Z,47.90795327730769,9.678913563333461,24.897338680861125,0.4048031053480253
1,2025-10-11T17:26:24.648Z,47.394000349246326,9.678913563333461,24.897338680861125,0.4048031053480253
1,2025-10-11T17:26:29.651Z,52.32431601093219,9.678913563333461,24.897338680861125,0.4048031053480253
1,2025-10-11T17:26:34.649Z,52.32431601093219,9.678913563333461,23.99994055303905,0.4048031053480253
1,2025-10-11T17:26:39.651Z,52.32431601093219,6.291359524579842,23.99994055303905,0.4048031053480253
1,2025-10-11T17:26:44.651Z,55.11528844506585,6.291359524579842,23.99994055303905,0.25635308064262285
1,2025-10-11T17:26:49.652Z,55.11528844506585,6.291359524579842,23.99994055303905,0.25635308064262285
1,2025-10-11T17:26:54.652Z,54.1776573754183,6.291359524579842,23.99994055303905,0.25635308064262285
estacao,timestamp,producao,paragem,stock,defeitos
1,2025-10-11T17:26:59.653Z,57.87973748971565,2.1027342320121685,23.795343380081032,0.25635308064262285
1,2025-10-11T17:27:04.654Z,57.87973748971565,2.1027342320121685,23.795343380081032,0.25635308064262285
1,2025-10-11T17:27:09.655Z,60.69959586991176,6.365448465678233,23.795343380081032,0.9437511331683204
1,2025-10-11T17:27:14.657Z,60.69959586991176,6.365448465678233,23.795343380081032,0.9437511331683204
1,2025-10-11T17:27:19.658Z,60.69959586991176,6.365448465678233,23.795343380081032,0.04694921223755877
1,2025-10-11T17:27:24.658Z,56.42997794148714,4.596326884785952,23.795343380081032,0.04694921223755877
1,2025-10-11T17:27:29.658Z,56.42997794148714,4.596326884785952,23.795343380081032,0.35904201396535085
1,2025-10-11T17:27:34.660Z,56.42997794148714,4.596326884785952,23.795343380081032,0.6252447733594338
1,2025-10-11T17:27:39.664Z,56.42997794148714,4.596326884785952,23.795343380081032,0.6252447733594338
1,2025-10-11T17:27:44.662Z,56.42997794148714,4.596326884785952,23.795343380081032,0.6252447733594338
estacao,timestamp,producao,paragem,stock,defeitos
1,2025-10-11T17:27:49.667Z,56.42997794148714,4.596326884785952,23.795343380081032,1.2117125550658918
1,2025-10-11T17:27:54.670Z,54.64794041476739,4.596326884785952,23.795343380081032,1.6449375038685428
1,2025-10-11T17:27:59.667Z,54.64794041476739,4.596326884785952,23.795343380081032,1.6449375038685428
1,2025-10-11T17:28:04.671Z,54.64794041476739,4.596326884785952,20,1.6449375038685428
1,2025-10-11T17:28:09.674Z,54.64794041476739,4.596326884785952,20,1.6449375038685428
1,2025-10-11T17:28:14.671Z,54.64794041476739,4.596326884785952,20,1.6449375038685428
1,2025-10-11T17:28:19.672Z,55.753167374980634,4.596326884785952,20,1.6449375038685428
1,2025-10-11T17:28:24.671Z,55.753167374980634,4.596326884785952,20,1.6449375038685428
1,2025-10-11T17:28:29.672Z,55.753167374980634,4.596326884785952,20,1.6449375038685428
1,2025-10-11T17:28:34.677Z,57.74275308264952,4.596326884785952,20,1.6449375038685428
1,2025-10-11T17:28:39.677Z,57.74275308264952,4.596326884785952,20,1.6449375038685428
1,2025-10-11T17:28:44.682Z,57.74275308264952,4.596326884785952,20,1.6449375038685428
1,2025-10-11T17:28:49.679Z,57.74275308264952,4.596326884785952,20,1.6449375038685428
1,2025-10-11T17:28:54.679Z,57.74275308264952,4.596326884785952,20,1.6449375038685428
1,2025-10-11T17:28:59.681Z,58.044054682941926,4.596326884785952,20,1.6449375038685428
1,2025-10-11T17:29:04.681Z,58.044054682941926,4.596326884785952,20,1.049927758006395
1,2025-10-11T17:29:09.682Z,57.659188607060244,4.596326884785952,29.123969833403574,1.049927758006395
1,2025-10-11T17:29:14.687Z,62.19286864774456,4.596326884785952,29.123969833403574,1.049927758006395
1,2025-10-11T17:29:19.684Z,60.16799868053766,4.596326884785952,24.996703995655384,1.049927758006395
1,2025-10-11T17:29:24.685Z,55.94836026339427,4.596326884785952,24.996703995655384,1.049927758006395
1,2025-10-11T17:29:29.685Z,55.94836026339427,4.596326884785952,20.63331221558972,1.049927758006395
1,2025-10-11T17:29:34.686Z,55.94836026339427,4.596326884785952,20.63331221558972,0.8113375188909024
estacao,timestamp,producao,paragem,stock,defeitos
1,2025-10-11T17:29:39.691Z,55.94836026339427,4.596326884785952,20.63331221558972,0.8113375188909024
1,2025-10-11T17:29:44.693Z,56.24951876423929,4.596326884785952,20.63331221558972,0.8113375188909024
1,2025-10-11T17:29:49.691Z,60.782201584528536,4.596326884785952,20.63331221558972,0.8113375188909024
1,2025-10-11T17:29:54.691Z,60.782201584528536,4.596326884785952,20,0.8113375188909024
1,2025-10-11T17:29:59.695Z,60.782201584528536,4.596326884785952,20,0.8113375188909024
1,2025-10-11T17:30:04.697Z,60.782201584528536,4.596326884785952,20,0.8113375188909024
1,2025-10-11T17:30:09.697Z,60.782201584528536,6.024988090662665,20,0
1,2025-10-11T17:30:14.695Z,58.63991864791174,6.024988090662665,20,0
1,2025-10-11T17:30:19.699Z,61.541141368081526,6.024988090662665,20,0
1,2025-10-11T17:30:24.700Z,61.541141368081526,6.024988090662665,24.866653827870202,0
1,2025-10-11T17:30:29.703Z,61.541141368081526,6.024988090662665,24.866653827870202,0
1,2025-10-11T17:30:34.700Z,61.541141368081526,6.024988090662665,24.866653827870202,0
1,2025-10-11T17:30:39.706Z,61.541141368081526,5.696111289756211,24.866653827870202,0
1,2025-10-11T17:30:44.708Z,61.541141368081526,5.696111289756211,24.866653827870202,0
1,2025-10-11T17:30:49.703Z,61.541141368081526,5.696111289756211,24.866653827870202,0
1,2025-10-11T17:30:54.704Z,61.541141368081526,5.696111289756211,24.866653827870202,0
1,2025-10-11T17:30:59.709Z,61.541141368081526,5.696111289756211,24.866653827870202,0.019575006227834146
1,2025-10-11T17:31:04.706Z,66.28870305316345,5.696111289756211,24.866653827870202,0.019575006227834146
1,2025-10-11T17:31:09.709Z,66.28870305316345,5.696111289756211,21.416442677986147,0.019575006227834146
1,2025-10-11T17:31:14.707Z,66.28870305316345,5.696111289756211,21.416442677986147,0.019575006227834146
1,2025-10-11T17:31:19.707Z,66.28870305316345,5.696111289756211,21.416442677986147,0.019575006227834146
1,2025-10-11T17:31:24.708Z,66.28870305316345,5.696111289756211,21.416442677986147,0.019575006227834146
1,2025-10-11T17:31:29.709Z,66.28870305316345,5.696111289756211,21.416442677986147,0.6086286468225582
1,2025-10-11T17:31:34.710Z,64.52738022540252,5.696111289756211,21.416442677986147,0.6086286468225582
1,2025-10-11T17:31:39.714Z,64.70368528608716,5.696111289756211,21.416442677986147,0.6086286468225582
1,2025-10-11T17:31:44.712Z,64.70368528608716,0.9894866726099698,20.20239204099307,0.6086286468225582
1,2025-10-11T17:31:49.714Z,63.88232446051057,0,20.20239204099307,0.6086286468225582
1,2025-10-11T17:31:54.716Z,63.88232446051057,0,20.20239204099307,1.1115511585911517
1,2025-10-11T17:31:59.714Z,63.88232446051057,0,20.20239204099307,0.15432454492714243
estacao,timestamp,producao,paragem,stock,defeitos
1,2025-10-11T17:32:04.717Z,63.88232446051057,0,20,0.15432454492714243
1,2025-10-11T17:32:09.715Z,67.31227558116109,1.3982468283983214,20,0
1,2025-10-11T17:32:14.717Z,67.31227558116109,1.3982468283983214,20,0
1,2025-10-11T17:32:19.721Z,67.31227558116109,1.3982468283983214,20,0
1,2025-10-11T17:32:24.719Z,62.984556955563015,1.3982468283983214,20,0.036609104314577534
1,2025-10-11T17:32:29.719Z,63.86210878058557,1.3982468283983214,20,0.4976615394974382
1,2025-10-11T17:32:34.724Z,60.32855577541372,1.3982468283983214,20,0.4976615394974382
1,2025-10-11T17:32:39.722Z,57.08715034760063,1.3982468283983214,20,0.4976615394974382
1,2025-10-11T17:32:44.722Z,57.08715034760063,1.3982468283983214,20,0.4976615394974382
1,2025-10-11T17:32:49.723Z,55.329238661399586,1.3982468283983214,20,0.4976615394974382
1,2025-10-11T17:32:54.726Z,55.329238661399586,1.3982468283983214,20,0.4976615394974382
1,2025-10-11T17:32:59.724Z,55.329238661399586,1.3982468283983214,20,1.3818335837488696
1,2025-10-11T17:33:04.729Z,58.77285976131548,1.3982468283983214,20,0.5919619983668435
1,2025-10-11T17:33:09.727Z,58.77285976131548,1.3982468283983214,20,0.5919619983668435
1,2025-10-11T17:33:14.727Z,56.777419840629236,1.3982468283983214,22.408202090291958,0.5919619983668435
1,2025-10-11T17:33:19.728Z,56.777419840629236,1.3982468283983214,20,0.5919619983668435
1,2025-10-11T17:33:24.732Z,56.777419840629236,1.3982468283983214,20,0.7800066071468869
1,2025-10-11T17:33:29.730Z,59.28040157573691,1.3982468283983214,20,0.7800066071468869
1,2025-10-11T17:33:34.730Z,59.28040157573691,1.3982468283983214,20,0.7800066071468869
1,2025-10-11T17:33:39.736Z,59.28040157573691,1.3982468283983214,20,0.2476207486966564
1,2025-10-11T17:33:44.738Z,59.28040157573691,1.3982468283983214,20,0.2476207486966564
1,2025-10-11T17:33:49.739Z,59.28040157573691,1.3982468283983214,20,0
1,2025-10-11T17:33:54.736Z,59.28040157573691,1.3982468283983214,20,0
estacao,timestamp,producao,paragem,stock,defeitos
1,2025-10-11T17:33:59.737Z,59.28040157573691,1.3982468283983214,23.219875814470583,0
1,2025-10-11T17:34:04.744Z,58.59723738196488,0.5608027609621725,20,0
1,2025-10-11T17:34:09.739Z,58.59723738196488,0.5608027609621725,20,0
1,2025-10-11T17:34:14.741Z,58.59723738196488,0.5608027609621725,20,0
1,2025-10-11T17:34:19.742Z,54.5923987245651,3.858822236092806,20,0
1,2025-10-11T17:34:24.746Z,54.5923987245651,6.532719026348205,20,0
1,2025-10-11T17:34:29.749Z,59.09675759259228,6.532719026348205,20,0
1,2025-10-11T17:34:34.745Z,58.7252779794927,6.532719026348205,20,0
1,2025-10-11T17:34:39.745Z,58.7252779794927,6.532719026348205,20,0.5200126266133543
1,2025-10-11T17:34:44.753Z,58.7252779794927,6.532719026348205,20,0.5200126266133543
1,2025-10-11T17:34:49.753Z,55.57314517067757,6.532719026348205,20,0.5200126266133543
1,2025-10-11T17:34:54.751Z,55.57314517067757,6.532719026348205,20,0.5200126266133543
1,2025-10-11T17:34:59.752Z,55.57314517067757,6.532719026348205,20,1.4271968261787846
1,2025-10-11T17:35:04.751Z,55.57314517067757,6.532719026348205,20,1.4271968261787846
1,2025-10-11T17:35:09.758Z,53.57190579134712,6.532719026348205,20,1.4271968261787846
1,2025-10-11T17:35:14.757Z,53.57190579134712,6.532719026348205,20,1.4271968261787846
estacao,timestamp,producao,paragem,stock,defeitos
1,2025-10-11T17:35:19.761Z,53.57190579134712,6.532719026348205,20,1.4271968261787846
1,2025-10-11T17:35:24.759Z,53.674198441352615,6.532719026348205,20,1.4271968261787846
1,2025-10-11T17:35:29.764Z,53.674198441352615,6.532719026348205,20,1.4271968261787846
1,2025-10-11T17:35:34.764Z,53.674198441352615,6.532719026348205,20,1.4271968261787846
1,2025-10-11T17:35:39.766Z,54.32013102424793,6.532719026348205,20,1.4271968261787846
1,2025-10-11T17:35:44.764Z,54.32013102424793,6.532719026348205,20,1.4271968261787846
1,2025-10-11T17:35:49.764Z,54.32013102424793,6.532719026348205,20,1.4271968261787846
1,2025-10-11T17:35:54.770Z,54.32013102424793,6.532719026348205,20,1.4271968261787846
1,2025-10-11T17:35:59.766Z,54.32013102424793,6.532719026348205,20,0.5724970406355241
1,2025-10-11T17:36:04.768Z,50.93962764742884,4.107032064134769,20,0.5724970406355241
1,2025-10-11T17:36:09.772Z,50.93962764742884,4.107032064134769,24.566817183322165,0.5724970406355241
1,2025-10-11T17:36:14.774Z,50.93962764742884,4.107032064134769,24.566817183322165,0.5724970406355241
1,2025-10-11T17:36:19.776Z,51.23359845666531,8.650132732100737,20.937079235709067,0.5724970406355241
1,2025-10-11T17:36:24.774Z,51.23359845666531,8.650132732100737,23.52110685581237,0.5724970406355241
1,2025-10-11T17:36:29.776Z,51.23359845666531,8.650132732100737,20.160345759052973,0.5724970406355241
1,2025-10-11T17:36:34.775Z,51.23359845666531,8.650132732100737,20.160345759052973,0.5724970406355241
1,2025-10-11T17:36:39.776Z,51.23359845666531,8.650132732100737,20.160345759052973,0.5724970406355241
1,2025-10-11T17:36:44.776Z,51.23359845666531,8.650132732100737,20.160345759052973,0.5724970406355241
1,2025-10-11T17:36:49.777Z,51.23359845666531,8.650132732100737,20.160345759052973,0.5724970406355241
estacao,timestamp,producao,paragem,stock,defeitos
1,2025-10-11T17:36:54.777Z,53.101411309122724,8.650132732100737,20.160345759052973,0.5724970406355241
1,2025-10-11T17:36:59.778Z,53.101411309122724,8.650132732100737,20,0.5724970406355241
1,2025-10-11T17:37:04.778Z,53.101411309122724,8.650132732100737,28.94720883112829,0.5724970406355241
1,2025-10-11T17:37:09.780Z,53.101411309122724,8.650132732100737,28.94720883112829,0.5724970406355241
1,2025-10-11T17:37:14.780Z,53.101411309122724,8.650132732100737,20,0.5724970406355241
1,2025-10-11T17:37:19.783Z,53.98563185560201,8.650132732100737,20,0.5724970406355241
1,2025-10-11T17:37:24.784Z,53.98563185560201,8.650132732100737,20,0.5724970406355241
1,2025-10-11T17:37:29.782Z,53.98563185560201,8.650132732100737,20,1.3575150511630483
1,2025-10-11T17:37:34.782Z,51.78309051353553,8.650132732100737,20,1.3575150511630483
1,2025-10-11T17:37:39.783Z,51.78309051353553,8.650132732100737,20,1.3575150511630483
1,2025-10-11T17:37:44.788Z,51.78309051353553,8.650132732100737,20,1.3575150511630483
1,2025-10-11T17:37:49.785Z,51.78309051353553,10.183239623562287,20,1.3575150511630483
1,2025-10-11T17:37:54.789Z,51.78309051353553,10.183239623562287,20,1.3575150511630483
1,2025-10-11T17:37:59.792Z,48.41347482746328,10.183239623562287,20,1.9340224302213347
1,2025-10-11T17:38:04.794Z,53.23536359433349,10.183239623562287,20,1.9340224302213347
1,2025-10-11T17:38:09.795Z,53.23536359433349,10.183239623562287,20,1.9340224302213347
1,2025-10-11T17:38:14.798Z,53.23536359433349,10.183239623562287,20,1.9340224302213347
1,2025-10-11T17:38:19.800Z,53.23536359433349,8.265407283095305,20,1.510363349527142
1,2025-10-11T17:38:24.801Z,57.15298537169409,12.087250705452547,20,0.738871879355499
1,2025-10-11T17:38:29.799Z,57.15298537169409,12.087250705452547,20,0.738871879355499
1,2025-10-11T17:38:34.799Z,61.852374325283165,12.087250705452547,20,0.738871879355499
1,2025-10-11T17:38:39.799Z,61.852374325283165,12.087250705452547,20,0.738871879355499
1,2025-10-11T17:38:44.800Z,61.852374325283165,12.087250705452547,20,0.738871879355499
1,2025-10-11T17:38:49.801Z,61.852374325283165,12.087250705452547,20,0.738871879355499
1,2025-10-11T17:38:54.806Z,61.852374325283165,12.087250705452547,20,0.738871879355499
1,2025-10-11T17:38:59.803Z,61.852374325283165,12.087250705452547,20,0.738871879355499
1,2025-10-11T17:39:04.803Z,56.97319958905089,12.087250705452547,20,0.738871879355499
1,2025-10-11T17:39:09.804Z,54.571909770034445,12.087250705452547,20,0.738871879355499
1,2025-10-11T17:39:14.805Z,54.571909770034445,12.087250705452547,20,0
1,2025-10-11T17:39:19.805Z,54.571909770034445,12.087250705452547,20,0
1,2025-10-11T17:39:24.810Z,51.8576391636105,9.89701836612397,20,0.2452519509270934
1,2025-10-11T17:39:29.813Z,51.8576391636105,9.89701836612397,20,0.2452519509270934
1,2025-10-11T17:39:34.814Z,50.05799742207837,9.89701836612397,20,0.2452519509270934
1,2025-10-11T17:39:39.813Z,50.05799742207837,9.89701836612397,20,0.3323783544298671
1,2025-10-11T17:39:44.813Z,50.05799742207837,9.89701836612397,20,0.3323783544298671
1,2025-10-11T17:39:49.815Z,50.05799742207837,9.89701836612397,20,0.8333361541634268
1,2025-10-11T17:39:54.819Z,50.05799742207837,9.89701836612397,20,0.8333361541634268
1,2025-10-11T17:39:59.819Z,54.067381081265424,9.89701836612397,20,0.8333361541634268
1,2025-10-11T17:40:04.819Z,54.067381081265424,9.89701836612397,20,0.8333361541634268
1,2025-10-11T17:40:09.820Z,57.31992233138585,9.89701836612397,20,0.8333361541634268
1,2025-10-11T17:40:14.824Z,57.31992233138585,9.89701836612397,20,0.8333361541634268
1,2025-10-11T17:40:19.826Z,57.31992233138585,9.89701836612397,20,0.8333361541634268
1,2025-10-11T17:40:24.829Z,57.31992233138585,9.89701836612397,20,0.8333361541634268
1,2025-10-11T17:40:29.826Z,57.31992233138585,9.89701836612397,20,0.8333361541634268
1,2025-10-11T17:40:34.826Z,57.31992233138585,9.89701836612397,21.077077348356344,0.8333361541634268
1,2025-10-11T17:40:39.828Z,57.31992233138585,9.89701836612397,21.077077348356344,0.8333361541634268
1,2025-10-11T17:40:44.832Z,57.31992233138585,9.89701836612397,21.077077348356344,0.8333361541634268
1,2025-10-11T17:40:49.835Z,57.31992233138585,9.89701836612397,20.46680275805691,0.8174960140795269
1,2025-10-11T17:40:54.837Z,57.31992233138585,9.89701836612397,20,0.8174960140795269
1,2025-10-11T17:40:59.838Z,57.31992233138585,9.89701836612397,20,0.8174960140795269
1,2025-10-11T17:41:04.836Z,58.69615668940155,9.89701836612397,20,0.8174960140795269
1,2025-10-11T17:41:09.837Z,62.179932307526684,9.89701836612397,20,0.8174960140795269
1,2025-10-11T17:41:14.838Z,62.179932307526684,9.89701836612397,20,0.8174960140795269
estacao,timestamp,producao,paragem,stock,defeitos
1,2025-10-11T17:41:19.839Z,62.179932307526684,9.89701836612397,20,0.8174960140795269
1,2025-10-11T17:41:24.840Z,66.64562602677151,9.89701836612397,20,0.8174960140795269
1,2025-10-11T17:41:29.840Z,66.64562602677151,9.89701836612397,20,0.8174960140795269
1,2025-10-11T17:41:34.842Z,70.21487538941304,9.89701836612397,20,0.8174960140795269
1,2025-10-11T17:41:39.842Z,70.21487538941304,9.89701836612397,20,0.8174960140795269
1,2025-10-11T17:41:44.848Z,70.34645119294814,9.89701836612397,20,0.8174960140795269
1,2025-10-11T17:41:49.846Z,70.34645119294814,9.89701836612397,20,0.6142596072886055
1,2025-10-11T17:41:54.847Z,70.34645119294814,9.89701836612397,20,0.6142596072886055
1,2025-10-11T17:41:59.852Z,70.34645119294814,9.89701836612397,20,0.6142596072886055
1,2025-10-11T17:42:04.850Z,71.74946797423164,9.89701836612397,20,0.6142596072886055
1,2025-10-11T17:42:09.850Z,71.74946797423164,9.89701836612397,20,0.6142596072886055
1,2025-10-11T17:42:14.851Z,71.74946797423164,9.89701836612397,20,0.6142596072886055
1,2025-10-11T17:42:19.857Z,71.74946797423164,7.046439155359019,20,0.6142596072886055
1,2025-10-11T17:42:24.854Z,71.74946797423164,7.046439155359019,24.209029382291725,0.6142596072886055
1,2025-10-11T17:42:29.859Z,71.74946797423164,7.046439155359019,24.209029382291725,0.6142596072886055
1,2025-10-11T17:42:34.862Z,71.74946797423164,7.046439155359019,20,0.6142596072886055
1,2025-10-11T17:42:39.858Z,67.28192288350219,7.046439155359019,20,0.6142596072886055
1,2025-10-11T17:42:44.864Z,71.1778207313974,7.046439155359019,20,0.6142596072886055
1,2025-10-11T17:42:49.866Z,71.1778207313974,7.046439155359019,20,0.6142596072886055
1,2025-10-11T17:42:54.867Z,68.18257397937278,7.046439155359019,20,0.6142596072886055
1,2025-10-11T17:42:59.870Z,71.20929241882318,8.510294987383388,20,0.9874852291545577
1,2025-10-11T17:43:04.873Z,71.20929241882318,8.510294987383388,20,0.9874852291545577
1,2025-10-11T17:43:09.871Z,71.20929241882318,8.510294987383388,20,0.9874852291545577
1,2025-10-11T17:43:14.874Z,66.62832980759411,8.510294987383388,20,0.9874852291545577
1,2025-10-11T17:43:19.876Z,62.3223431126552,8.510294987383388,20,1.403351498105555
1,2025-10-11T17:43:24.873Z,62.3223431126552,6.943473196210025,20,0.9122714895044799
1,2025-10-11T17:43:29.876Z,66.84899238491043,6.837191073001068,20,0.9122714895044799
1,2025-10-11T17:43:34.875Z,66.84899238491043,11.137976630627215,20,0.9122714895044799
1,2025-10-11T17:43:39.880Z,66.84899238491043,6.223009307874649,25.23585916876153,0.9122714895044799
1,2025-10-11T17:43:44.878Z,66.84899238491043,6.223009307874649,25.23585916876153,0.9122714895044799
1,2025-10-11T17:43:49.879Z,66.84899238491043,10.18330442823601,20,0.9122714895044799
1,2025-10-11T17:43:54.883Z,66.84899238491043,10.18330442823601,20,0.9122714895044799
1,2025-10-11T17:43:59.886Z,63.7170351135602,10.18330442823601,20,0.9122714895044799
1,2025-10-11T17:44:04.883Z,63.7170351135602,10.18330442823601,20,0.9122714895044799
1,2025-10-11T17:44:09.885Z,63.7170351135602,10.18330442823601,20,0.9122714895044799
1,2025-10-11T17:44:14.885Z,63.7170351135602,10.18330442823601,20.095048934308352,0.9122714895044799
1,2025-10-11T17:44:19.888Z,63.7170351135602,14.048006862310652,20.095048934308352,0.9122714895044799
1,2025-10-11T17:44:24.889Z,63.7170351135602,14.048006862310652,20.095048934308352,0.9122714895044799
1,2025-10-11T17:44:29.892Z,63.7170351135602,14.048006862310652,20.095048934308352,0.8719251920027684
1,2025-10-11T17:44:34.889Z,63.7170351135602,14.048006862310652,20.095048934308352,0.8719251920027684
estacao,timestamp,producao,paragem,stock,defeitos
1,2025-10-11T17:44:39.894Z,63.7170351135602,14.048006862310652,20.095048934308352,0
1,2025-10-11T17:44:44.892Z,62.910202417875254,14.048006862310652,20.095048934308352,0
1,2025-10-11T17:44:49.892Z,62.910202417875254,14.048006862310652,20.095048934308352,0
1,2025-10-11T17:44:54.896Z,62.910202417875254,14.048006862310652,20,0
1,2025-10-11T17:44:59.893Z,62.910202417875254,14.048006862310652,20,0
1,2025-10-11T17:45:04.899Z,62.910202417875254,14.048006862310652,20,0
1,2025-10-11T17:45:09.901Z,66.49894387725176,14.048006862310652,20,0
1,2025-10-11T17:45:14.897Z,66.49894387725176,14.048006862310652,20,0
1,2025-10-11T17:45:19.903Z,70.89803729435903,14.048006862310652,20,0
1,2025-10-11T17:45:24.900Z,70.89803729435903,14.048006862310652,20,0
1,2025-10-11T17:45:29.901Z,70.89803729435903,14.048006862310652,20,0
1,2025-10-11T17:45:34.904Z,70.89803729435903,14.048006862310652,20,0
1,2025-10-11T17:45:39.903Z,70.89803729435903,14.048006862310652,20,0
1,2025-10-11T17:45:44.903Z,70.89803729435903,14.048006862310652,20,0.0831919042448166
1,2025-10-11T17:45:49.908Z,70.89803729435903,14.048006862310652,20,0.0831919042448166
1,2025-10-11T17:45:54.905Z,70.89803729435903,14.048006862310652,20,0.0831919042448166
1,2025-10-11T17:45:59.905Z,70.89803729435903,14.048006862310652,20,0.0831919042448166
1,2025-10-11T17:46:04.910Z,70.89803729435903,14.048006862310652,20,0.0831919042448166
1,2025-10-11T17:46:09.908Z,70.89803729435903,14.048006862310652,20,0.0831919042448166
1,2025-10-11T17:46:14.909Z,70.89803729435903,14.048006862310652,22.974984449720587,0.4246361707249008
1,2025-10-11T17:46:19.911Z,70.89803729435903,14.048006862310652,22.974984449720587,0
1,2025-10-11T17:46:24.910Z,70.89803729435903,14.048006862310652,22.007075739139594,0
1,2025-10-11T17:46:29.912Z,68.00310679445467,14.048006862310652,30.272980390423122,0
1,2025-10-11T17:46:34.912Z,68.36533165330181,14.048006862310652,30.272980390423122,0
1,2025-10-11T17:46:39.913Z,68.36533165330181,14.048006862310652,30.272980390423122,0
1,2025-10-11T17:46:44.914Z,67.27414772587328,14.048006862310652,30.272980390423122,0
1,2025-10-11T17:46:49.920Z,69.0258929078931,14.048006862310652,36.372775404633344,0
1,2025-10-11T17:46:54.918Z,69.0258929078931,14.048006862310652,36.372775404633344,0
1,2025-10-11T17:46:59.918Z,69.0258929078931,14.048006862310652,38.28862164917025,0
1,2025-10-11T17:47:04.923Z,69.0258929078931,9.972808552000764,38.28862164917025,0
1,2025-10-11T17:47:09.926Z,69.0258929078931,9.972808552000764,47.20396021170296,0
1,2025-10-11T17:47:14.928Z,68.11367268336592,9.972808552000764,47.20396021170296,0
1,2025-10-11T17:47:19.929Z,68.11367268336592,9.972808552000764,47.20396021170296,0
